{"e_losses": [-36.80781599540711, -35.267069250931335, -36.16590580358676, -36.34041434198618, -36.83219995694027, -36.29673640336393, -36.605352216081194, -36.91531377857923, -37.2957730811926, -37.60352500356948, -37.973704888939864, -38.35500078251958, -38.5581181772176, -38.94332090510262, -39.21611401624429, -39.40466454381345, -39.75281875169277, -39.8862721187635, -40.12348286893055, -40.33643674534063, -40.37786688638686, -40.473590808652915, -40.60761389782473, -40.73963570399794, -40.80922453144502, -40.98383253444833, -41.048309788969284, -41.20089188776911, -41.33077113813523, -41.40536701785818, -41.58327237415993, -41.74820374138156, -41.8732411980629, -42.008105450968976, -42.041652138599986, -42.207519132596275, -42.26663646098461, -42.4186652948175, -42.467662107512005, -42.587001620186996, -42.71908552704387, -42.85411589420878, -42.92208207112169, -43.00732157563916, -43.07541540315686, -43.13888636637212, -43.22610217576519, -43.28814558695714, -43.33606106766667], "r_losses": [4.018974396467458e-05, 0.00011747179187871854, 5.8955358281959236e-05, 0.0001721703913137846, 5.786100317638757e-05, 0.05721608023280278, 0.4440126648762009, 0.9220894683860245, 1.5030272859105696, 2.293732684226972, 2.5998051828493676, 3.431837647485547, 4.007681881620603, 4.8309379266583266, 5.886061768701984, 6.718450095392765, 7.464310915211127, 8.957457073825328, 9.86854578162406, 10.799056878125919, 12.158869780678748, 13.27731510470922, 14.858638551544257, 16.093891147494315, 17.118244755762404, 18.01324148165583, 20.168728636983897, 21.869598898615696, 22.880607032363162, 24.362402485459164, 25.544787560050835, 27.39969581612614, 28.63167193202514, 30.209768449196687, 32.2069503547022, 33.16768715414479, 34.67054469108145, 35.95859886220879, 37.69040811065047, 39.24652667115562, 41.846500074534944, 41.96364834692361, 44.08403107131099, 46.30581289691262, 47.70380923925917, 49.10865432507038, 51.66596363586187, 52.68365886182738, 53.37576770573965], "rewards": [0.0, 0.0, 0.0, 0.0, 167.0, 955.0, 990.0, 709.0, 953.0, 938.0, 987.0, 952.0, 951.0, 909.0, 956.0, 942.0, 711.0, 953.0, 956.0, 908.0, 957.0, 990.0, 921.0, 957.0, 956.0, 919.0, 951.0, 984.0, 931.0, 946.0, 907.0, 956.0, 988.0, 882.0, 924.0, 987.0, 955.0, 984.0, 957.0, 986.0, 958.0, 934.0, 922.0, 947.0, 954.0, 879.0, 950.0, 953.0, 987.0], "steps": [250, 250, 250, 250, 250, 250, 250, 250, 250, 250, 250, 250, 250, 250, 250, 250, 250, 250, 250, 250, 250, 250, 250, 250, 250, 250, 250, 250, 250, 250, 250, 250, 250, 250, 250, 250, 250, 250, 250, 250, 250, 250, 250, 250, 250, 250, 250, 250, 250], "times": [25.70185422897339, 26.01172947883606, 27.62903618812561, 29.12860941886902, 30.653360843658447, 31.886176347732544, 33.37877368927002, 34.52772331237793, 36.15926766395569, 37.60727119445801, 39.05344080924988, 40.57299256324768, 41.859768867492676, 43.721359729766846, 44.92389416694641, 46.49342918395996, 47.99502611160278, 49.53357720375061, 50.94996762275696, 52.37312722206116, 53.8156099319458, 55.19398784637451, 56.094696044921875, 57.043904542922974, 58.64797925949097, 59.892831563949585, 61.63149094581604, 62.90550923347473, 64.3763039112091, 66.02584648132324, 67.51420283317566, 68.82286667823792, 70.20310640335083, 72.25721740722656, 72.51671195030212, 73.82572722434998, 75.54929852485657, 76.61734437942505, 77.94357132911682, 79.43187975883484, 80.73578190803528, 81.98314142227173, 83.50168490409851, 85.39855480194092, 86.72194814682007, 87.77699542045593, 89.32722401618958, 90.23734760284424, 91.75394296646118], "reward_stats": [{"max": "0.00", "min": "-1.21", "mean": "-0.60", "std": "0.15"}, {"max": "2.39", "min": "0.77", "mean": "1.45", "std": "0.23"}, {"max": "0.98", "min": "0.44", "mean": "0.81", "std": "0.04"}, {"max": "-0.20", "min": "-0.92", "mean": "-0.41", "std": "0.06"}, {"max": "0.21", "min": "-0.04", "mean": "0.07", "std": "0.03"}, {"max": "197.27", "min": "-0.09", "mean": "53.06", "std": "35.43"}, {"max": "362.14", "min": "-3.11", "mean": "109.43", "std": "68.41"}, {"max": "415.83", "min": "-1.34", "mean": "104.53", "std": "75.52"}, {"max": "296.58", "min": "0.76", "mean": "86.26", "std": "55.07"}, {"max": "355.22", "min": "-3.09", "mean": "103.68", "std": "60.38"}, {"max": "324.48", "min": "-3.40", "mean": "91.00", "std": "59.58"}, {"max": "379.98", "min": "-0.02", "mean": "106.97", "std": "63.59"}, {"max": "437.00", "min": "-6.23", "mean": "125.34", "std": "75.69"}, {"max": "450.92", "min": "-0.06", "mean": "132.37", "std": "74.20"}, {"max": "460.62", "min": "3.88", "mean": "133.88", "std": "78.22"}, {"max": "497.61", "min": "-0.18", "mean": "155.16", "std": "89.82"}, {"max": "586.87", "min": "6.14", "mean": "197.66", "std": "99.56"}, {"max": "623.99", "min": "6.08", "mean": "206.96", "std": "107.32"}, {"max": "717.64", "min": "-6.01", "mean": "259.24", "std": "131.45"}, {"max": "699.43", "min": "0.20", "mean": "252.55", "std": "124.49"}, {"max": "855.67", "min": "-13.74", "mean": "302.71", "std": "159.82"}, {"max": "912.70", "min": "0.11", "mean": "333.92", "std": "163.10"}, {"max": "919.67", "min": "3.69", "mean": "326.00", "std": "162.87"}, {"max": "908.91", "min": "1.66", "mean": "329.70", "std": "161.20"}, {"max": "957.43", "min": "12.55", "mean": "351.26", "std": "162.64"}, {"max": "993.57", "min": "3.71", "mean": "332.72", "std": "164.72"}, {"max": "1105.07", "min": "22.98", "mean": "431.64", "std": "216.10"}, {"max": "1174.84", "min": "28.90", "mean": "427.52", "std": "193.55"}, {"max": "1171.18", "min": "9.07", "mean": "420.24", "std": "209.93"}, {"max": "1212.27", "min": "21.84", "mean": "439.24", "std": "203.25"}, {"max": "1276.88", "min": "24.55", "mean": "482.46", "std": "225.38"}, {"max": "1280.10", "min": "7.15", "mean": "492.77", "std": "239.44"}, {"max": "1266.42", "min": "23.31", "mean": "440.44", "std": "210.36"}, {"max": "1395.68", "min": "23.09", "mean": "523.85", "std": "242.48"}, {"max": "1307.07", "min": "35.65", "mean": "511.37", "std": "227.94"}, {"max": "1378.81", "min": "31.81", "mean": "487.99", "std": "226.12"}, {"max": "1433.70", "min": "25.05", "mean": "488.16", "std": "235.12"}, {"max": "1443.58", "min": "38.96", "mean": "519.70", "std": "233.42"}, {"max": "1402.61", "min": "25.50", "mean": "494.53", "std": "229.14"}, {"max": "1513.22", "min": "58.32", "mean": "528.82", "std": "239.16"}, {"max": "1466.80", "min": "58.07", "mean": "533.40", "std": "230.16"}, {"max": "1531.42", "min": "53.91", "mean": "555.77", "std": "250.54"}, {"max": "1559.84", "min": "45.74", "mean": "541.71", "std": "246.64"}, {"max": "1602.22", "min": "62.03", "mean": "631.18", "std": "264.24"}, {"max": "1655.73", "min": "29.53", "mean": "608.92", "std": "269.15"}, {"max": "1576.46", "min": "40.77", "mean": "571.41", "std": "246.97"}, {"max": "1668.61", "min": "43.03", "mean": "661.28", "std": "267.69"}, {"max": "1627.15", "min": "65.18", "mean": "590.50", "std": "248.33"}, {"max": "1686.70", "min": "87.59", "mean": "617.81", "std": "258.64"}], "info_stats": [{"max": "2.39", "min": "0.51", "mean": "1.38", "std": "0.26"}, {"max": "1.54", "min": "0.56", "mean": "1.05", "std": "0.11"}, {"max": "1.45", "min": "0.41", "mean": "0.82", "std": "0.13"}, {"max": "1.47", "min": "0.43", "mean": "0.80", "std": "0.12"}, {"max": "1.61", "min": "0.44", "mean": "0.90", "std": "0.14"}, {"max": "1.33", "min": "0.47", "mean": "0.90", "std": "0.09"}, {"max": "1.19", "min": "0.34", "mean": "0.63", "std": "0.08"}, {"max": "1.33", "min": "0.29", "mean": "0.67", "std": "0.11"}, {"max": "1.46", "min": "0.42", "mean": "0.71", "std": "0.10"}, {"max": "1.37", "min": "0.41", "mean": "0.71", "std": "0.10"}, {"max": "1.36", "min": "0.45", "mean": "0.73", "std": "0.09"}, {"max": "1.36", "min": "0.44", "mean": "0.75", "std": "0.10"}, {"max": "1.36", "min": "0.42", "mean": "0.76", "std": "0.11"}, {"max": "1.36", "min": "0.47", "mean": "0.78", "std": "0.11"}, {"max": "1.41", "min": "0.46", "mean": "0.81", "std": "0.11"}, {"max": "1.37", "min": "0.44", "mean": "0.81", "std": "0.11"}, {"max": "1.48",