{"e_losses": [-81.27742379188537, -57.941062660217305, -45.84983509540558, -43.55867991387844, -52.071023262500745, -51.09946873879433, -59.20636060476304, -57.11427662491799, -64.07583413600925, -63.43619486195703, -68.51407128572464, -68.81872862577438, -73.0967132499483, -73.6582273736265, -76.68114960873126, -81.30495872931046, -83.90010285437107, -83.98293221712112, -89.37388161923205, -91.36029435777664, -92.21633429944515, -93.36243358261443, -96.05161833888606, -96.8233145172, -96.73286021292212, -98.61587627562609, -100.12100857814156, -100.41762259922031, -101.25326253120714, -101.90764314920816, -102.69470113732982, -102.5202609715791, -102.82984637663762, -103.42588142694966, -105.06736002908032, -105.08273080359187, -105.59841838008829, -106.86578526175018, -106.72423200249668, -106.89551236928965, -107.4671666912806, -107.51921134216838, -107.45630451191556, -107.8247002833684, -108.323626063181, -107.84473744392395, -108.45881850960353, -108.35442806389871, -108.47602257558282], "r_losses": [0.00021437286570820423, 0.0007459761617974435, 0.0015857178356964141, 0.002798412031988846, 0.0018222193154506388, 0.002224811579944798, 0.0021256059912896784, 0.0027302619668868535, 0.0010548944277148364, 0.00210585733235348, 0.0016505544822666706, 0.0013175820247124648, 0.0011934105076983944, 0.0015996801887781153, 0.0017318481310940109, 0.0011816152986185362, 0.0015678014102195447, 0.0009534996456053097, 0.000729930733888458, 0.0006284684712348583, 0.0011291068507307501, 0.0011876081060194445, 0.000914095888512843, 0.0008737218158275939, 0.0008772468965289585, 0.0011008735330886505, 0.0006580371144279222, 0.0007784032516130536, 0.0010454906305697547, 0.0008963102166011659, 0.000864115055631893, 0.0008398591578921259, 0.0006184370714139128, 0.0005467453315501306, 0.0005107716267144388, 0.00040518284974989797, 0.0005259261426903723, 0.00044604571458444327, 0.00043344483441092036, 0.00039871194266863033, 0.0003632209458614204, 0.00038466861841719295, 0.000390340639369242, 0.0004303340695793547, 0.00046556150568468886, 0.00047668975608837136, 0.0005301154531313536, 0.00043766402748587977, 0.0003791194906272946], "rewards": [1.0, 1.0, 1.0, 1.0, 1.0, 1.0, 1.0, 1.0, 1.0, 1.0, 1.0, 1.0, 1.0, 1.0, 1.0, 1.0, 1.0, 1.0, 1.0, 1.0, 1.0, 1.0, 1.0, 1.0, 1.0, 1.0, 1.0, 1.0, 1.0, 1.0, 1.0, 1.0, 1.0, 0, 1.0, 1.0, 0, 1.0, 1.0, 1.0, 1.0, 1.0, 1.0, 1.0, 1.0, 1.0, 1.0, 1.0, 1.0], "steps": [23, 34, 25, 24, 24, 24, 24, 24, 23, 24, 24, 23, 34, 27, 34, 46, 31, 97, 51, 54, 55, 63, 51, 35, 86, 80, 57, 79, 24, 46, 58, 36, 65, 167, 43, 56, 167, 28, 65, 45, 47, 26, 37, 64, 28, 79, 33, 37, 52], "times": [6.773671865463257, 7.379572153091431, 6.211080074310303, 5.756618022918701, 6.0405495166778564, 5.724412441253662, 6.18397855758667, 6.848810195922852, 6.562594890594482, 7.600152492523193, 6.924482822418213, 6.766201496124268, 8.878401041030884, 7.988273620605469, 9.276556015014648, 11.734497308731079, 9.514997482299805, 21.995266675949097, 14.125950574874878, 14.222050189971924, 14.835110902786255, 16.96256160736084, 14.817360639572144, 12.381353378295898, 21.364149570465088, 20.98079800605774, 17.312844276428223, 21.578375816345215, 12.272278547286987, 16.300868272781372, 18.793921947479248, 15.184507369995117, 20.635965585708618, 39.343080043792725, 17.893949031829834, 20.77253484725952, 40.49390769004822, 17.301030158996582, 23.95875358581543, 20.457014083862305, 20.880398988723755, 17.868977546691895, 20.641523838043213, 25.32167363166809, 19.1589252948761, 28.037013053894043, 20.39254856109619, 21.308861255645752, 24.04857110977173], "reward_stats": [{"max": "-1.00", "min": "-1.28", "mean": "-1.11", "std": "0.04"}, {"max": "511.04", "min": "2.47", "mean": "32.31", "std": "58.65"}, {"max": "910.04", "min": "-0.87", "mean": "76.90", "std": "149.67"}, {"max": "3458.11", "min": "-6.41", "mean": "480.13", "std": "806.23"}, {"max": "12401.09", "min": "2.64", "mean": "1622.97", "std": "2921.97"}, {"max": "12612.24", "min": "-2.56", "mean": "1422.44", "std": "2764.82"}, {"max": "4725.23", "min": "-4.24", "mean": "677.40", "std": "1154.93"}, {"max": "4418.26", "min": "-5.43", "mean": "564.01", "std": "1038.05"}, {"max": "1582.37", "min": "2.91", "mean": "248.33", "std": "391.04"}, {"max": "2207.79", "min": "-1.55", "mean": "336.09", "std": "548.59"}, {"max": "965.33", "min": "-2.06", "mean": "129.32", "std": "224.27"}, {"max": "1061.23", "min": "3.32", "mean": "184.58", "std": "272.01"}, {"max": "763.30", "min": "0.78", "mean": "93.12", "std": "172.52"}, {"max": "1132.56", "min": "-1.97", "mean": "146.84", "std": "261.37"}, {"max": "1332.96", "min": "-4.79", "mean": "150.69", "std": "295.33"}, {"max": "1221.56", "min": "-0.09", "mean": "91.74", "std": "229.70"}, {"max": "1106.26", "min": "-5.82", "mean": "118.51", "std": "241.62"}, {"max": "1478.85", "min": "1.68", "mean": "63.44", "std": "212.78"}, {"max": "1179.92", "min": "-0.38", "mean": "81.10", "std": "204.91"}, {"max": "118.64", "min": "1.19", "mean": "4.78", "std": "9.69"}, {"max": "1061.34", "min": "-0.10", "mean": "73.88", "std": "190.35"}, {"max": "734.52", "min": "0.93", "mean": "41.90", "std": "115.12"}, {"max": "191.92", "min": "-1.03", "mean": "9.00", "std": "28.39"}, {"max": "333.00", "min": "0.46", "mean": "32.26", "std": "64.56"}, {"max": "220.99", "min": "1.41", "mean": "9.21", "std": "27.59"}, {"max": "170.82", "min": "-4.66", "mean": "0.53", "std": "18.87"}, {"max": "158.88", "min": "3.16", "mean": "9.86", "std": "20.27"}, {"max": "1142.09", "min": "-0.33", "mean": "48.72", "std": "158.00"}, {"max": "632.96", "min": "-2.43", "mean": "75.37", "std": "127.43"}, {"max": "1122.60", "min": "-3.06", "mean": "59.07", "std": "160.09"}, {"max": "2049.77", "min": "-4.10", "mean": "89.08", "std": "283.07"}, {"max": "2196.60", "min": "-2.76", "mean": "141.52", "std": "356.93"}, {"max": "580.27", "min": "-0.11", "mean": "28.42", "std": "80.11"}, {"max": "7.74", "min": "3.68", "mean": "3.94", "std": "0.08"}, {"max": "2897.20", "min": "2.85", "mean": "74.86", "std": "230.39"}, {"max": "31.09", "min": "-8.04", "mean": "7.99", "std": "5.85"}, {"max": "5.25", "min": "-1.03", "mean": "-0.36", "std": "0.09"}, {"max": "597.88", "min": "0.87", "mean": "37.76", "std": "72.84"}, {"max": "1623.96", "min": "-2.24", "mean": "41.67", "std": "151.49"}, {"max": "7501.01", "min": "-1.07", "mean": "120.93", "std": "436.72"}, {"max": "31.63", "min": "2.07", "mean": "5.68", "std": "5.22"}, {"max": "29.91", "min": "-21.35", "mean": "8.87", "std": "8.41"}, {"max": "32.09", "min": "-181.95", "mean": "8.53", "std": "12.16"}, {"max": "2017.22", "min": "-1.45", "mean": "49.72", "std": "176.44"}, {"max": "35.67", "min": "-0.13", "mean": "6.83", "std": "8.33"}, {"max": "1243.51", "min": "-2.69", "mean": "10.49", "std": "50.08"}, {"max": "33.94", "min": "-2.85", "mean": "3.98", "std": "7.63"}, {"max": "30.30", "min": "-166.69", "mean": "4.13", "std": "14.83"}, {"max": "1551.36", "min": "0.52", "mean": "63.86", "std": "191.05"}], "info_stats": [{"max": "152.83", "min": "11.56", "mean": "55.18", "std": "23.35"}, {"max": "127.82", "min": "12.75", "mean": "65.25", "std": "22.06"}, {"max": "136.86", "min": "15.48", "mean": "60.63", "std": "26.44"}, {"max": "155.70", "min": "17.24", "mean": "71.61", "std": "33.13"}, {"max": "215.06", "min": "8.35", "mean": "85.05", "std": "54.61"}, {"max": "216.33", "min": "11.75", "mean": "79.68", "std": "54.49"}, {"max": "182.17", "min": "8.81", "mean": "70.22", "std": "47.49"}, {"max": "178.98", "min": "10.39", "mean": "67.63", "std": "45.49"}, {"max": "169.71", "min": "7.42", "mean": "66.80", "std": "42.73"}, {"max": "160.51", "min": "8.84", "mean": "60.87", "std": "40.08"}, {"max": "136.91", "min": "8.71", "mean": "49.30", "std": "33.07"}, {"max": "142.75", "min": "8.67", "mean": "53.71", "std": "35.88"}, {"max": "127.22", "min": "8.23", "mean": "46.55", "std": "26.45"}, {"max": "135.60", "min": "5.11", "mean": "43.03", "std": "33.46"}, {"max": "142.91", "min": "7.68", "mean": "46.81",