{"e_losses": [-35.95122577079535, -37.127648477156974, -36.807528878075736, -36.80975916346164, -37.1145014707976, -37.37427069147826, -37.59513526800545, -37.886064192021905, -38.190556491264935, -38.63182753852435, -38.837769749848036, -39.085157566264265, -39.05811667440568, -39.33193264540037, -39.495602396801885, -39.65996672807334, -39.6350448822521, -40.36446750553086, -40.33243303736396, -40.488930989235634, -40.60876707551003, -40.90871664424127, -40.98566048792114, -41.03570237243602, -41.20561581750161, -41.36489360407192, -41.4336909030945, -41.655618521790956, -41.76039801620894, -41.877947310717694, -41.73168879738534, -41.89036096602016, -42.024985900592156, -42.0852149225348, -42.2148400947528, -42.27441017684342, -42.45107030146732, -42.47589159855391, -42.59595680353255, -42.69335908293725, -42.708106346178035, -42.82231023694381, -42.92515173044612, -42.96456716305018, -43.03472671004461, -43.08347859126448, -43.16903941204968, -43.22092596748241, -43.30808131937709], "r_losses": [0.019996606076228274, 0.015688856417900455, 0.03599723535607546, 0.05170582495062263, 0.04598356989987787, 0.0548793609565939, 0.05251192914877638, 0.052091050455565, 0.05426978989901879, 0.055102730789230094, 0.04182413902241585, 0.048771709059874456, 0.05128399649962287, 0.043206286615271684, 0.04330542039352557, 0.041558954759049825, 0.046675288381407005, 0.043592946323727524, 0.04229882541080208, 0.044507556945197084, 0.04221449906992029, 0.04217725953071988, 0.03879387938251278, 0.03791182839626189, 0.03695852082786713, 0.036326986635526824, 0.03560900811046162, 0.03464361806863416, 0.03589919062220019, 0.033176615376248, 0.03186967605162314, 0.03409013382189086, 0.034809914059171644, 0.03337597733042832, 0.03021718125483499, 0.03451632531272698, 0.03113552290821739, 0.03261492633556815, 0.030349794563212625, 0.030764335145393343, 0.029108311952711966, 0.032786324369037174, 0.02879730171739976, 0.030043102742448057, 0.026751556061186257, 0.02606864206333936, 0.027908059087540838, 0.0272874691699645, 0.0249516799271569], "rewards": [0.0, 661.0, 896.0, 0.0, 789.0, 787.0, 814.0, 822.0, 947.0, 769.0, 953.0, 0.0, 739.0, 946.0, 774.0, 355.0, 0.0, 569.0, 990.0, 904.0, 1000.0, 905.0, 680.0, 989.0, 694.0, 944.0, 995.0, 880.0, 988.0, 110.0, 991.0, 861.0, 888.0, 920.0, 990.0, 951.0, 986.0, 923.0, 989.0, 908.0, 884.0, 987.0, 921.0, 1000.0, 812.0, 955.0, 991.0, 956.0, 956.0], "steps": [250, 250, 250, 250, 250, 250, 250, 250, 250, 250, 250, 250, 250, 250, 250, 250, 250, 250, 250, 250, 250, 250, 250, 250, 250, 250, 250, 250, 250, 250, 250, 250, 250, 250, 250, 250, 250, 250, 250, 250, 250, 250, 250, 250, 250, 250, 250, 250, 250], "times": [22.609020233154297, 23.61942958831787, 24.72261357307434, 25.768489837646484, 26.84183144569397, 27.924964427947998, 28.993475437164307, 30.174455642700195, 31.10769534111023, 32.18488907814026, 33.241968393325806, 34.301623821258545, 35.444711685180664, 36.53892111778259, 37.545586347579956, 38.60150098800659, 39.695850133895874, 40.71740460395813, 41.807286739349365, 42.85018849372864, 43.89352583885193, 45.1198627948761, 46.26122236251831, 47.39118027687073, 48.312225341796875, 49.328333377838135, 50.39903259277344, 51.403484582901, 52.567529916763306, 53.6988582611084, 54.68025088310242, 55.7817919254303, 56.98717546463013, 57.78727865219116, 59.06013298034668, 60.13524103164673, 61.227219104766846, 62.45408058166504, 64.07112836837769, 64.89932012557983, 65.86238360404968, 66.81305241584778, 67.76878952980042, 68.64848494529724, 69.69571185112, 70.84173250198364, 71.90769481658936, 72.87695837020874, 74.13492202758789], "reward_stats": [{"max": "22.84", "min": "-1.69", "mean": "6.11", "std": "4.19"}, {"max": "7.86", "min": "-1.38", "mean": "1.01", "std": "0.91"}, {"max": "47.02", "min": "-1.22", "mean": "10.61", "std": "8.06"}, {"max": "31.90", "min": "-1.49", "mean": "3.91", "std": "4.49"}, {"max": "30.16", "min": "-0.97", "mean": "7.02", "std": "5.05"}, {"max": "28.39", "min": "-2.39", "mean": "6.42", "std": "5.07"}, {"max": "27.31", "min": "-1.32", "mean": "4.97", "std": "4.51"}, {"max": "28.00", "min": "-1.51", "mean": "6.03", "std": "4.87"}, {"max": "29.47", "min": "-1.35", "mean": "7.13", "std": "5.37"}, {"max": "30.89", "min": "-2.97", "mean": "5.87", "std": "5.51"}, {"max": "31.13", "min": "-1.22", "mean": "7.39", "std": "5.14"}, {"max": "17.80", "min": "-3.36", "mean": "1.23", "std": "1.52"}, {"max": "32.50", "min": "-3.34", "mean": "6.27", "std": "6.12"}, {"max": "31.73", "min": "-2.32", "mean": "5.93", "std": "5.13"}, {"max": "32.83", "min": "-1.97", "mean": "6.72", "std": "5.31"}, {"max": "33.93", "min": "-3.05", "mean": "4.54", "std": "5.53"}, {"max": "9.08", "min": "-4.09", "mean": "1.62", "std": "1.30"}, {"max": "27.60", "min": "-3.06", "mean": "4.39", "std": "5.07"}, {"max": "32.20", "min": "-1.58", "mean": "7.27", "std": "5.47"}, {"max": "29.27", "min": "-0.81", "mean": "6.31", "std": "4.76"}, {"max": "32.32", "min": "-0.87", "mean": "8.93", "std": "5.72"}, {"max": "30.83", "min": "-3.05", "mean": "7.13", "std": "5.39"}, {"max": "28.98", "min": "-3.19", "mean": "4.76", "std": "4.63"}, {"max": "32.22", "min": "-1.08", "mean": "7.12", "std": "5.26"}, {"max": "34.77", "min": "-2.32", "mean": "5.46", "std": "5.47"}, {"max": "31.49", "min": "-0.86", "mean": "7.15", "std": "5.59"}, {"max": "32.88", "min": "-1.39", "mean": "7.31", "std": "5.48"}, {"max": "33.81", "min": "-2.95", "mean": "6.71", "std": "5.50"}, {"max": "33.39", "min": "-1.35", "mean": "8.79", "std": "5.98"}, {"max": "32.99", "min": "-1.28", "mean": "2.40", "std": "3.60"}, {"max": "17.84", "min": "-1.86", "mean": "3.29", "std": "2.31"}, {"max": "32.94", "min": "-1.97", "mean": "7.53", "std": "6.01"}, {"max": "34.98", "min": "-0.62", "mean": "8.34", "std": "6.19"}, {"max": "31.47", "min": "-1.95", "mean": "7.25", "std": "5.35"}, {"max": "29.24", "min": "-0.84", "mean": "7.36", "std": "4.92"}, {"max": "37.09", "min": "-1.59", "mean": "9.06", "std": "6.45"}, {"max": "31.84", "min": "-0.58", "mean": "7.56", "std": "4.87"}, {"max": "33.63", "min": "-0.78", "mean": "7.56", "std": "5.44"}, {"max": "35.10", "min": "-0.61", "mean": "7.14", "std": "5.24"}, {"max": "33.34", "min": "-0.69", "mean": "6.53", "std": "4.99"}, {"max": "32.50", "min": "-0.93", "mean": "8.79", "std": "6.14"}, {"max": "35.15", "min": "-0.59", "mean": "9.12", "std": "6.06"}, {"max": "35.36", "min": "-0.84", "mean": "8.86", "std": "6.14"}, {"max": "35.51", "min": "-0.81", "mean": "9.52", "std": "6.19"}, {"max": "38.66", "min": "-0.42", "mean": "8.75", "std": "7.16"}, {"max": "39.94", "min": "-0.87", "mean": "10.20", "std": "7.12"}, {"max": "35.67", "min": "-0.76", "mean": "9.82", "std": "6.31"}, {"max": "37.11", "min": "-0.28", "mean": "9.34", "std": "6.56"}, {"max": "36.19", "min": "-0.35", "mean": "8.92", "std": "6.10"}], "info_stats": [{"max": "2.53", "min": "0.60", "mean": "1.54", "std": "0.22"}, {"max": "1.50", "min": "0.48", "mean": "0.98", "std": "0.11"}, {"max": "1.54", "min": "0.36", "mean": "0.83", "std": "0.19"}, {"max": "1.55", "min": "0.36", "mean": "0.78", "std": "0.13"}, {"max": "1.65", "min": "0.38", "mean": "0.91", "std": "0.18"}, {"max": "1.76", "min": "0.42", "mean": "0.95", "std": "0.16"}, {"max": "1.75", "min": "0.37", "mean": "0.94", "std": "0.17"}, {"max": "1.65", "min": "0.42", "mean": "0.94", "std": "0.16"}, {"max": "1.62", "min": "0.39", "mean": "0.91", "std": "0.16"}, {"max": "1.75", "min": "0.38", "mean": "0.96", "std": "0.16"}, {"max": "1.67", "min": "0.41", "mean": "0.94", "std": "0.15"}, {"max": "1.76", "min": "0.56", "mean": "1.07", "std": "0.13"}, {"max": "1.61", "min": "0.35", "mean": "0.94", "std": "0.16"}, {"max": "1.78", "min": "0.34", "mean": "0.95", "std": "0.18"}, {"max": "1.61", "min": "0.38", "mean": "0.95", "std": "0.18"}, {"max": "1.64", "min": "0.36", "mean": "1.01", "std": "0.16"}, {"max": "1.70", "min": "0.60", "mean": "1.14", "std": "0.11"}, {"max": "1.62", "min": "0.37", "mean": "0.97", "std": "0.15"}, {"max": "1.51", "min": "0.37",