{"e_losses": [-38.16375339670181, -36.22031147472064, -37.64271631738117, -36.5058338170722, -35.610700145231355, -35.36640267487765, -35.353083070581604, -35.504489718735215, -35.69060378440526, -36.05661765527726, -36.28407366470496, -36.64713975583017, -36.96416546558283, -37.40581322104402, -37.75393614245717, -38.12147126967906, -38.26670911091849, -38.56351048999754, -38.77311428774959, -39.120859759539364, -39.2824186725855, -39.57514621052833, -39.8314973792765, -40.0603902472811, -40.28231451057154, -40.36494541461071, -40.64193412205865, -40.751286372609435, -40.942900722669826, -41.09504596537002, -41.23688896802494, -41.36244890862703, -41.533790318843465, -41.6757201668777, -41.81075324513362, -41.94580304199755, -42.00359316192023, -42.1490134284837, -42.28828579793421, -42.415811711251735, -42.4736347839541, -42.551393270824256, -42.694496264782366, -42.77334111743048, -42.84167514187584, -42.94801093732836, -42.93803815269705, -43.11558983354615, -43.179429013754955], "r_losses": [7.059114335725096e-05, 3.3450324311274904e-05, 8.823638424909009e-05, 0.003453403136882116, 0.5504381699379945, 1.0980517916589978, 1.0899110741777849, 1.8191881954719613, 2.052958318902896, 2.838954177937337, 3.5019037329594287, 4.304864169321954, 4.792767682888931, 5.559536728875503, 6.632868537736565, 7.365182548698784, 8.037641522583504, 9.019796097148548, 10.411225142916905, 11.56947434771806, 12.376464777746206, 14.047863029175076, 15.05728491608523, 16.880817813077144, 17.318798407151785, 18.725471505616103, 20.212293009486885, 21.454077703924852, 23.340658037198313, 24.438439710937, 26.315934048181774, 27.836276738666832, 28.17258200890308, 30.489174809460575, 31.697112350852816, 33.98944545059801, 35.41250339329097, 36.90975297607127, 38.27904934287627, 39.4250983362015, 40.94549070516427, 43.09523117988267, 45.013154387455685, 46.44960375948933, 47.6916362391169, 49.033915930645456, 51.608544150463494, 52.80228949349831, 54.36246245424364], "rewards": [0.0, 0.0, 10.0, 929.0, 758.0, 0.0, 720.0, 865.0, 943.0, 856.0, 949.0, 952.0, 988.0, 987.0, 952.0, 938.0, 815.0, 951.0, 988.0, 935.0, 938.0, 941.0, 950.0, 951.0, 989.0, 947.0, 941.0, 885.0, 946.0, 943.0, 993.0, 939.0, 983.0, 941.0, 990.0, 948.0, 986.0, 984.0, 991.0, 949.0, 945.0, 948.0, 912.0, 902.0, 948.0, 946.0, 1000.0, 990.0, 901.0], "steps": [250, 250, 250, 250, 250, 250, 250, 250, 250, 250, 250, 250, 250, 250, 250, 250, 250, 250, 250, 250, 250, 250, 250, 250, 250, 250, 250, 250, 250, 250, 250, 250, 250, 250, 250, 250, 250, 250, 250, 250, 250, 250, 250, 250, 250, 250, 250, 250, 250], "times": [23.78973078727722, 25.325014114379883, 26.615015268325806, 27.96968936920166, 29.42154359817505, 30.751879692077637, 32.235294818878174, 33.73828911781311, 35.02587628364563, 36.451680421829224, 37.89262056350708, 39.402671813964844, 40.635247230529785, 42.16823625564575, 43.602776765823364, 45.17322611808777, 46.527146339416504, 47.79874300956726, 49.376221895217896, 50.595868825912476, 52.18551230430603, 53.62795972824097, 55.124157190322876, 56.606470346450806, 57.608290672302246, 58.98462629318237, 60.630170822143555, 62.28713583946228, 63.55561923980713, 64.84966015815735, 66.6805272102356, 67.80054497718811, 69.36707496643066, 70.78159976005554, 72.2134108543396, 73.51184511184692, 75.05929064750671, 76.33689737319946, 77.63057398796082, 79.3710629940033, 80.27292728424072, 81.7996666431427, 83.19531583786011, 85.16444611549377, 86.05780839920044, 87.49517059326172, 89.34352016448975, 90.22465777397156, 91.98505640029907], "reward_stats": [{"max": "0.94", "min": "-1.03", "mean": "0.70", "std": "0.13"}, {"max": "1.39", "min": "0.40", "mean": "0.80", "std": "0.14"}, {"max": "-0.11", "min": "-0.57", "mean": "-0.22", "std": "0.02"}, {"max": "31.39", "min": "-1.50", "mean": "4.84", "std": "4.23"}, {"max": "344.77", "min": "-2.67", "mean": "119.22", "std": "60.19"}, {"max": "420.22", "min": "-4.27", "mean": "112.01", "std": "91.82"}, {"max": "375.58", "min": "-1.94", "mean": "140.56", "std": "79.61"}, {"max": "479.35", "min": "2.51", "mean": "208.29", "std": "106.63"}, {"max": "530.74", "min": "1.43", "mean": "243.74", "std": "117.78"}, {"max": "569.00", "min": "4.74", "mean": "242.46", "std": "127.61"}, {"max": "599.94", "min": "5.85", "mean": "262.82", "std": "129.48"}, {"max": "642.59", "min": "5.91", "mean": "279.22", "std": "143.28"}, {"max": "682.20", "min": "9.78", "mean": "305.26", "std": "148.77"}, {"max": "734.86", "min": "6.14", "mean": "329.80", "std": "160.64"}, {"max": "754.61", "min": "12.65", "mean": "334.72", "std": "165.42"}, {"max": "809.64", "min": "7.01", "mean": "353.77", "std": "174.49"}, {"max": "837.20", "min": "6.16", "mean": "339.62", "std": "189.75"}, {"max": "901.59", "min": "7.85", "mean": "379.54", "std": "200.33"}, {"max": "889.80", "min": "7.53", "mean": "416.74", "std": "195.95"}, {"max": "919.90", "min": "19.27", "mean": "403.81", "std": "196.97"}, {"max": "967.65", "min": "15.00", "mean": "430.70", "std": "205.72"}, {"max": "1015.28", "min": "17.75", "mean": "458.18", "std": "227.21"}, {"max": "1058.27", "min": "-3.64", "mean": "481.73", "std": "234.28"}, {"max": "1080.33", "min": "41.97", "mean": "523.30", "std": "236.77"}, {"max": "1112.63", "min": "40.73", "mean": "530.70", "std": "234.38"}, {"max": "1139.71", "min": "23.04", "mean": "555.50", "std": "243.53"}, {"max": "1179.20", "min": "28.32", "mean": "571.82", "std": "256.79"}, {"max": "1191.28", "min": "14.66", "mean": "557.01", "std": "267.60"}, {"max": "1252.35", "min": "45.31", "mean": "617.53", "std": "267.84"}, {"max": "1286.55", "min": "29.41", "mean": "646.55", "std": "278.94"}, {"max": "1322.08", "min": "63.49", "mean": "670.26", "std": "267.68"}, {"max": "1340.82", "min": "54.11", "mean": "646.02", "std": "265.14"}, {"max": "1387.00", "min": "65.87", "mean": "671.79", "std": "283.81"}, {"max": "1392.26", "min": "62.86", "mean": "709.58", "std": "289.58"}, {"max": "1417.36", "min": "71.89", "mean": "750.56", "std": "295.42"}, {"max": "1458.69", "min": "53.93", "mean": "782.93", "std": "296.26"}, {"max": "1478.93", "min": "80.60", "mean": "773.94", "std": "295.16"}, {"max": "1493.85", "min": "90.24", "mean": "789.92", "std": "296.79"}, {"max": "1553.53", "min": "92.89", "mean": "810.23", "std": "302.27"}, {"max": "1571.35", "min": "56.07", "mean": "820.83", "std": "322.26"}, {"max": "1593.03", "min": "69.87", "mean": "826.17", "std": "314.75"}, {"max": "1580.88", "min": "98.90", "mean": "862.91", "std": "312.28"}, {"max": "1644.17", "min": "110.53", "mean": "877.38", "std": "322.78"}, {"max": "1690.56", "min": "110.98", "mean": "884.01", "std": "319.78"}, {"max": "1700.81", "min": "99.29", "mean": "937.06", "std": "342.60"}, {"max": "1725.46", "min": "122.87", "mean": "931.46", "std": "319.34"}, {"max": "1748.76", "min": "171.24", "mean": "1012.91", "std": "331.22"}, {"max": "1786.13", "min": "185.54", "mean": "1015.09", "std": "334.87"}, {"max": "1810.09", "min": "167.66", "mean": "1035.66", "std": "344.80"}], "info_stats": [{"max": "2.82", "min": "0.40", "mean": "1.18", "std": "0.27"}, {"max": "1.80", "min": "0.54", "mean": "1.29", "std": "0.13"}, {"max": "1.67", "min": "0.44", "mean": "0.88", "std": "0.15"}, {"max": "1.39", "min": "0.45", "mean": "0.81", "std": "0.09"}, {"max": "1.31", "min": "0.41", "mean": "0.80", "std": "0.11"}, {"max": "1.29", "min": "0.37", "mean": "0.79", "std": "0.12"}, {"max": "1.45", "min": "0.37", "mean": "0.83", "std": "0.15"}, {"max": "1.43", "min": "0.29", "mean": "0.73", "std": "0.17"}, {"max": "1.37", "min": "0.28", "mean": "0.70", "std": "0.19"}, {"max": "1.42", "min": "0.27", "mean": "0.72", "std": "0.20"}, {"max": "1.39", "min": "0.29", "mean": "0.73", "std": "0.20"}, {"max": "1.55", "min": "0.26", "mean": "0.73", "std": "0.20"}, {"max": "1.45", "min": "0.28", "mean": "0.72", "std": "0.20"}, {"max": "1.45", "min": "0.27", "mean": "0.73", "std": "0.21"}, {"max": "1.47", "min": "0.28", "mean": "0.75", "std": "0.21"}, {"max": "1.46", "min": "0.28", "mean": "0.75",