{"e_losses": [-37.15241270098686, -36.79367501024403, -35.39467693365898, -36.6983373040706, -36.422562901947224, -36.39449225215913, -36.40517092739994, -36.460957258030774, -36.7142417010069, -37.07151260447076, -37.42495572681029, -37.7489039803967, -37.959685638557445, -38.19563383050098, -38.48387008929253, -38.70701092703939, -38.90983385120119, -39.0509717402133, -39.27128752198428, -39.44310045718153, -39.48909908516883, -39.70672973956511, -39.96299115436165, -39.97682618070502, -40.22921763114682, -40.33274934562843, -40.525075659198144, -40.6496693277387, -40.82230433630581, -41.01291601817749, -41.19053077361926, -41.222627707600594, -41.36252563042254, -41.510241628489986, -41.621216012153866, -41.77024258555175, -41.85826107908749, -41.9431530078252, -42.07715352575445, -42.14305858474972, -42.28055612281694, -42.436563891169826, -42.49466133026366, -42.53729402154687, -42.70024699124999, -42.72697743662595, -42.80100821434281, -42.868578221050605, -42.96211694325141], "r_losses": [5.71995251653334e-05, 4.3328035985079346e-05, 0.00043104592366632557, 0.00028141957407569875, 0.15874146262908145, 0.6745331242352726, 1.2635851732709193, 1.8346559992159412, 2.469846834260683, 3.2928524474459038, 4.2112139015595105, 4.745081109248104, 6.109009625911715, 6.652110035306879, 8.196601462332824, 8.53211392226815, 10.012149418731527, 10.838971132646908, 12.190378540059799, 13.182511908402049, 14.395850434393886, 16.078846989675213, 16.641333229195187, 18.290188007808155, 19.879931764758854, 20.538412785556915, 22.73085984784077, 24.15866354107577, 25.638145573012757, 27.544106005583625, 28.596812773592134, 29.99969751774685, 31.420168376490068, 32.52892128410701, 34.6070981244445, 36.054776947571334, 39.38165690130432, 39.591918252230414, 41.28755175598554, 43.155439067661774, 44.78107647223871, 46.24865849637792, 47.11424075187584, 50.317125869220106, 50.872851804604935, 52.411116490033876, 54.034400693078844, 55.82779362151888, 57.004064802577496], "rewards": [0.0, 2.0, 0.0, 176.0, 496.0, 701.0, 490.0, 858.0, 914.0, 949.0, 818.0, 788.0, 950.0, 990.0, 853.0, 844.0, 900.0, 953.0, 924.0, 749.0, 782.0, 949.0, 992.0, 952.0, 947.0, 993.0, 893.0, 916.0, 925.0, 985.0, 946.0, 949.0, 952.0, 918.0, 866.0, 912.0, 948.0, 877.0, 910.0, 951.0, 926.0, 955.0, 987.0, 990.0, 815.0, 993.0, 995.0, 956.0, 920.0], "steps": [250, 250, 250, 250, 250, 250, 250, 250, 250, 250, 250, 250, 250, 250, 250, 250, 250, 250, 250, 250, 250, 250, 250, 250, 250, 250, 250, 250, 250, 250, 250, 250, 250, 250, 250, 250, 250, 250, 250, 250, 250, 250, 250, 250, 250, 250, 250, 250, 250], "times": [23.815550327301025, 25.204183101654053, 26.60084557533264, 27.97366166114807, 29.502898693084717, 30.861380338668823, 32.31876468658447, 33.641114473342896, 35.02703905105591, 36.58717155456543, 37.913443088531494, 39.20634913444519, 40.76027178764343, 42.22706079483032, 43.5781831741333, 45.03291893005371, 46.64083552360535, 47.89596343040466, 49.58510732650757, 50.63696336746216, 52.079044818878174, 53.42733120918274, 54.80175590515137, 56.53599190711975, 57.79556679725647, 59.21704435348511, 60.88481593132019, 62.197675943374634, 63.496548652648926, 64.9447762966156, 66.49814581871033, 67.65564727783203, 69.35380172729492, 70.89999628067017, 72.0372006893158, 73.41958427429199, 75.19887208938599, 76.28070306777954, 77.97991824150085, 79.41203618049622, 80.18566989898682, 81.90362238883972, 83.44592666625977, 84.99645113945007, 86.33380246162415, 87.53940296173096, 89.36102652549744, 90.22541761398315, 91.69825983047485], "reward_stats": [{"max": "1.22", "min": "-0.38", "mean": "0.70", "std": "0.10"}, {"max": "-0.03", "min": "-0.31", "mean": "-0.13", "std": "0.02"}, {"max": "15.49", "min": "-1.49", "mean": "4.71", "std": "3.45"}, {"max": "6.11", "min": "-0.40", "mean": "0.70", "std": "0.90"}, {"max": "169.19", "min": "-2.68", "mean": "35.05", "std": "25.75"}, {"max": "136.39", "min": "-3.67", "mean": "35.20", "std": "23.25"}, {"max": "220.84", "min": "-1.66", "mean": "65.39", "std": "38.69"}, {"max": "239.41", "min": "-1.00", "mean": "87.14", "std": "43.07"}, {"max": "318.02", "min": "-1.13", "mean": "112.95", "std": "56.93"}, {"max": "306.97", "min": "1.13", "mean": "112.33", "std": "52.63"}, {"max": "394.90", "min": "-2.08", "mean": "131.94", "std": "66.78"}, {"max": "418.58", "min": "1.34", "mean": "135.25", "std": "73.86"}, {"max": "462.14", "min": "1.94", "mean": "164.36", "std": "78.64"}, {"max": "456.71", "min": "0.24", "mean": "165.02", "std": "76.90"}, {"max": "494.61", "min": "3.25", "mean": "171.27", "std": "79.72"}, {"max": "573.64", "min": "11.29", "mean": "205.45", "std": "99.69"}, {"max": "602.16", "min": "6.14", "mean": "214.89", "std": "102.20"}, {"max": "558.00", "min": "6.83", "mean": "213.62", "std": "92.60"}, {"max": "608.62", "min": "1.85", "mean": "222.64", "std": "100.94"}, {"max": "627.26", "min": "4.08", "mean": "224.80", "std": "103.61"}, {"max": "728.91", "min": "1.40", "mean": "249.52", "std": "121.14"}, {"max": "712.86", "min": "1.49", "mean": "251.14", "std": "118.65"}, {"max": "841.33", "min": "32.67", "mean": "318.93", "std": "137.77"}, {"max": "865.09", "min": "18.73", "mean": "310.11", "std": "137.93"}, {"max": "798.25", "min": "15.63", "mean": "300.22", "std": "126.96"}, {"max": "881.39", "min": "27.43", "mean": "331.97", "std": "150.14"}, {"max": "977.69", "min": "34.43", "mean": "346.83", "std": "154.25"}, {"max": "916.29", "min": "43.69", "mean": "362.68", "std": "146.72"}, {"max": "1059.23", "min": "28.90", "mean": "379.11", "std": "162.26"}, {"max": "1046.94", "min": "35.29", "mean": "394.82", "std": "162.35"}, {"max": "1061.80", "min": "33.17", "mean": "408.15", "std": "167.02"}, {"max": "1158.42", "min": "32.00", "mean": "420.58", "std": "177.45"}, {"max": "1100.54", "min": "49.94", "mean": "417.51", "std": "164.76"}, {"max": "1103.67", "min": "63.54", "mean": "458.83", "std": "175.76"}, {"max": "1242.06", "min": "55.92", "mean": "456.35", "std": "180.22"}, {"max": "1242.86", "min": "50.39", "mean": "445.98", "std": "185.65"}, {"max": "1179.87", "min": "70.33", "mean": "506.27", "std": "174.50"}, {"max": "1258.37", "min": "5.66", "mean": "488.98", "std": "186.94"}, {"max": "1213.30", "min": "70.56", "mean": "499.28", "std": "178.10"}, {"max": "1260.09", "min": "113.54", "mean": "538.52", "std": "184.00"}, {"max": "1345.92", "min": "78.55", "mean": "568.76", "std": "209.28"}, {"max": "1410.39", "min": "80.86", "mean": "585.60", "std": "214.25"}, {"max": "1415.42", "min": "146.11", "mean": "608.36", "std": "219.10"}, {"max": "1457.61", "min": "123.37", "mean": "624.72", "std": "224.38"}, {"max": "1411.53", "min": "107.96", "mean": "618.89", "std": "208.43"}, {"max": "1505.08", "min": "138.99", "mean": "633.89", "std": "222.20"}, {"max": "1517.27", "min": "134.99", "mean": "639.51", "std": "212.49"}, {"max": "1466.02", "min": "119.63", "mean": "655.35", "std": "213.62"}, {"max": "1715.13", "min": "139.71", "mean": "715.43", "std": "245.18"}], "info_stats": [{"max": "3.29", "min": "0.53", "mean": "1.48", "std": "0.23"}, {"max": "1.78", "min": "0.42", "mean": "0.91", "std": "0.18"}, {"max": "1.55", "min": "0.56", "mean": "1.10", "std": "0.12"}, {"max": "1.38", "min": "0.47", "mean": "0.87", "std": "0.11"}, {"max": "1.39", "min": "0.46", "mean": "0.93", "std": "0.11"}, {"max": "1.37", "min": "0.46", "mean": "0.86", "std": "0.10"}, {"max": "1.40", "min": "0.38", "mean": "0.85", "std": "0.10"}, {"max": "1.40", "min": "0.44", "mean": "0.85", "std": "0.11"}, {"max": "1.41", "min": "0.39", "mean": "0.81", "std": "0.12"}, {"max": "1.40", "min": "0.42", "mean": "0.82", "std": "0.11"}, {"max": "1.38", "min": "0.44", "mean": "0.82", "std": "0.12"}, {"max": "1.41", "min": "0.45", "mean": "0.85", "std": "0.11"}, {"max": "1.41", "min": "0.41", "mean": "0.84", "std": "0.12"}, {"max": "1.48", "min": "0.43", "mean": "0.84", "std": "0.12"}, {"max": "1.42", "min": "0.43", "mean": "0.85", "std": "0.11"}, {"max": "1.39", "min": "0.44", "mean": "0.86",