{"e_losses": [-34.10797836865187, -34.509079972763864, -34.39969648739268, -35.15417023096978, -35.762577572637134, -36.51251122583149, -37.21634567973832, -37.346305430471894, -37.02900972502048, -37.34549675479532, -37.132705276521044, -37.52972088090329, -37.94578937060694, -38.328836907068904, -38.513723024794935, -38.74869219612479, -38.83698805226599, -39.04927398939836, -39.29353309443723, -39.572425636207065, -39.789406481275556, -39.99435003986496, -40.23132498829453, -40.3918311471769, -40.40488338167091, -40.62226011166574, -40.70209360894464, -40.88981240134871, -41.07920557867397, -41.23270219022734, -41.356715382719045, -41.5049121347964, -41.62730401697673, -41.740637459108704, -41.84473237676804, -41.955467509734625, -42.120792975321045, -42.09186728232816, -42.228417240974494, -42.32872135646777, -42.39438602030542, -42.50420835763475, -42.573397132962306, -42.682866206725436, -42.81069300715778, -42.85180934794428, -42.95444202566146, -43.016899137253944, -43.109043265066056], "r_losses": [0.0699678188713151, 0.09046659751810748, 0.11215062801939045, 0.09368759897039856, 0.0934727416574024, 0.09900802117248533, 0.0880426219538574, 0.09046684675593862, 0.08661650347870839, 0.07709599577114984, 0.07422321310820217, 0.08207426269871951, 0.06484945220702756, 0.06446121814102256, 0.06440199911871336, 0.0620830488222942, 0.05888703926932064, 0.05010775321965441, 0.05245140528723431, 0.05216437721819964, 0.0481101508393453, 0.05248347715081986, 0.04655233381037317, 0.04569813788905701, 0.04357230194317625, 0.043273688436465445, 0.03592940539391447, 0.03843997167356336, 0.03742250409551761, 0.03522725426181997, 0.03529824657581962, 0.03541172133461727, 0.035132480062282416, 0.031482257307479534, 0.03471918680434016, 0.03012214622237953, 0.030202719084956135, 0.027529206485864464, 0.02966891728641992, 0.027199456793345397, 0.029957452828307106, 0.027072326721962345, 0.02876189892242619, 0.02366490483493452, 0.027437527080245272, 0.024194184176689587, 0.026300254631689106, 0.023868528767947553, 0.02378016749715111], "rewards": [975.0, 458.0, 738.0, 843.0, 829.0, 988.0, 335.0, 31.0, 591.0, 0.0, 570.0, 990.0, 988.0, 676.0, 789.0, 668.0, 842.0, 916.0, 958.0, 922.0, 950.0, 917.0, 979.0, 348.0, 922.0, 932.0, 996.0, 914.0, 948.0, 965.0, 993.0, 964.0, 964.0, 909.0, 996.0, 962.0, 516.0, 995.0, 1000.0, 962.0, 967.0, 949.0, 988.0, 994.0, 909.0, 998.0, 989.0, 990.0, 989.0], "steps": [250, 250, 250, 250, 250, 250, 250, 250, 250, 250, 250, 250, 250, 250, 250, 250, 250, 250, 250, 250, 250, 250, 250, 250, 250, 250, 250, 250, 250, 250, 250, 250, 250, 250, 250, 250, 250, 250, 250, 250, 250, 250, 250, 250, 250, 250, 250, 250, 250], "times": [22.965100288391113, 23.99353051185608, 25.180192470550537, 26.204992055892944, 27.185111045837402, 28.36581254005432, 29.444876670837402, 30.512058973312378, 31.59185791015625, 32.632588148117065, 33.837199211120605, 34.87385082244873, 36.00948119163513, 37.057676792144775, 38.18785905838013, 39.25796985626221, 40.42279005050659, 41.33930015563965, 42.458961486816406, 43.603978395462036, 44.62476634979248, 45.73063278198242, 47.30385136604309, 48.60330367088318, 49.24781656265259, 50.24556255340576, 51.39862012863159, 51.32476353645325, 52.33645009994507, 53.38404583930969, 54.63757681846619, 55.57861518859863, 56.71077823638916, 57.41013979911804, 58.75999307632446, 59.968125343322754, 60.96575045585632, 61.92119574546814, 63.05602264404297, 64.04092311859131, 65.34710621833801, 66.18370628356934, 67.38809251785278, 68.53943610191345, 69.29191899299622, 70.67464065551758, 71.60917496681213, 72.48005247116089, 75.06238961219788], "reward_stats": [{"max": "48.28", "min": "-0.51", "mean": "17.36", "std": "8.14"}, {"max": "48.26", "min": "-6.06", "mean": "16.02", "std": "14.50"}, {"max": "46.17", "min": "-6.31", "mean": "17.79", "std": "11.52"}, {"max": "47.99", "min": "-2.12", "mean": "19.08", "std": "12.42"}, {"max": "47.11", "min": "-3.48", "mean": "16.90", "std": "11.99"}, {"max": "47.52", "min": "-2.68", "mean": "19.30", "std": "11.31"}, {"max": "46.52", "min": "-4.58", "mean": "8.36", "std": "11.06"}, {"max": "43.56", "min": "-5.18", "mean": "2.77", "std": "5.54"}, {"max": "45.34", "min": "-4.62", "mean": "10.19", "std": "10.51"}, {"max": "29.97", "min": "-12.64", "mean": "1.17", "std": "2.87"}, {"max": "38.73", "min": "-9.17", "mean": "7.67", "std": "7.60"}, {"max": "36.88", "min": "-2.54", "mean": "11.22", "std": "7.06"}, {"max": "42.57", "min": "-3.03", "mean": "12.23", "std": "7.66"}, {"max": "40.42", "min": "-8.67", "mean": "9.20", "std": "8.48"}, {"max": "42.05", "min": "-1.17", "mean": "9.75", "std": "8.04"}, {"max": "39.36", "min": "-2.75", "mean": "8.49", "std": "7.99"}, {"max": "39.98", "min": "-0.67", "mean": "10.88", "std": "8.18"}, {"max": "40.45", "min": "-0.83", "mean": "12.07", "std": "8.39"}, {"max": "41.93", "min": "-1.41", "mean": "11.97", "std": "7.87"}, {"max": "40.22", "min": "-0.71", "mean": "11.23", "std": "7.70"}, {"max": "43.20", "min": "-9.10", "mean": "12.42", "std": "8.26"}, {"max": "44.21", "min": "-1.97", "mean": "12.31", "std": "8.60"}, {"max": "42.74", "min": "-0.45", "mean": "13.10", "std": "8.32"}, {"max": "42.91", "min": "-2.61", "mean": "5.99", "std": "7.69"}, {"max": "44.87", "min": "-0.31", "mean": "12.76", "std": "8.63"}, {"max": "43.51", "min": "-7.06", "mean": "12.72", "std": "8.41"}, {"max": "44.49", "min": "-0.34", "mean": "14.91", "std": "8.91"}, {"max": "44.71", "min": "-0.89", "mean": "13.13", "std": "8.97"}, {"max": "42.74", "min": "-0.41", "mean": "13.77", "std": "8.68"}, {"max": "44.26", "min": "-1.29", "mean": "13.37", "std": "8.75"}, {"max": "43.77", "min": "-0.07", "mean": "13.98", "std": "8.52"}, {"max": "45.28", "min": "-2.50", "mean": "14.53", "std": "8.92"}, {"max": "45.59", "min": "-1.10", "mean": "14.38", "std": "9.28"}, {"max": "47.28", "min": "-0.43", "mean": "14.00", "std": "9.37"}, {"max": "46.72", "min": "-0.34", "mean": "15.63", "std": "9.14"}, {"max": "45.40", "min": "-0.86", "mean": "14.44", "std": "9.37"}, {"max": "46.44", "min": "-3.48", "mean": "9.67", "std": "9.70"}, {"max": "44.07", "min": "-0.17", "mean": "13.51", "std": "8.31"}, {"max": "46.57", "min": "-0.17", "mean": "15.87", "std": "9.33"}, {"max": "45.76", "min": "-0.56", "mean": "14.54", "std": "9.27"}, {"max": "45.43", "min": "-1.13", "mean": "14.37", "std": "8.90"}, {"max": "47.16", "min": "-0.20", "mean": "14.97", "std": "9.84"}, {"max": "47.83", "min": "-0.61", "mean": "16.78", "std": "10.10"}, {"max": "47.55", "min": "-0.06", "mean": "16.01", "std": "9.67"}, {"max": "47.97", "min": "-0.97", "mean": "14.99", "std": "10.06"}, {"max": "48.54", "min": "-0.24", "mean": "15.61", "std": "9.39"}, {"max": "48.12", "min": "-0.13", "mean": "16.02", "std": "9.50"}, {"max": "47.40", "min": "-0.55", "mean": "15.71", "std": "9.41"}, {"max": "47.92", "min": "-2.68", "mean": "15.69", "std": "9.23"}], "info_stats": [{"max": "1.71", "min": "0.50", "mean": "0.97", "std": "0.16"}, {"max": "2.23", "min": "0.27", "mean": "0.86", "std": "0.28"}, {"max": "1.84", "min": "0.30", "mean": "0.89", "std": "0.25"}, {"max": "1.78", "min": "0.28", "mean": "0.82", "std": "0.25"}, {"max": "1.74", "min": "0.28", "mean": "0.85", "std": "0.25"}, {"max": "1.69", "min": "0.29", "mean": "0.82", "std": "0.25"}, {"max": "1.90", "min": "0.30", "mean": "1.01", "std": "0.23"}, {"max": "2.07", "min": "0.33", "mean": "1.07", "std": "0.16"}, {"max": "1.84", "min": "0.29", "mean": "0.97", "std": "0.22"}, {"max": "1.76", "min": "0.48", "mean": "1.06", "std": "0.14"}, {"max": "1.73", "min": "0.38", "mean": "1.03", "std": "0.17"}, {"max": "1.64", "min": "0.38", "mean": "0.97", "std": "0.17"}, {"max": "1.63", "min": "0.38", "mean": "0.97", "std": "0.18"}, {"max": "2.27", "min": "0.39", "mean": "1.09", "std": "0.25"}, {"max": "1.95", "min": "0.33", "mean": "1.01", "std": "0.20"}, {"max": "1.76", "min": "0.37", "mean": "1.00", "std": "0.18"}, {"max": "1.63", "min": "0.34", "mean": "0.99", "std": "0.20"}, {"max": "1.65", "min": "0.35",