{"e_losses": [-36.121486233997345, -34.61463633696237, -33.99272518730164, -34.51984220355749, -35.32937836925189, -36.08438191056253, -36.924681566801944, -37.49372258774442, -37.773833800531364, -38.18871007319859, -38.420885878721876, -38.76011020581425, -39.10431103032477, -39.63541613392699, -39.83286859030474, -39.7867352238655, -39.64144269126937, -39.85040246919069, -39.8179686024448, -40.10786005677778, -40.20108579174757, -40.38175328575188, -40.56171615424419, -40.6090814549029, -40.71050092294709, -40.79037376224399, -40.932853352796656, -41.06134403854608, -41.228172472299946, -41.38671080707102, -41.47398334294726, -41.547539664851264, -41.644948496077504, -41.74773689478322, -41.859570794100954, -41.94156784824132, -42.10099949091819, -42.224778086111655, -42.236234268615405, -42.31974632246927, -42.35954359249273, -42.43956910922735, -42.5047977945703, -42.60459503333768, -42.6596537204105, -42.787244672979114, -42.843815833278725, -42.9046947158254, -42.97676112540264], "r_losses": [0.02524327974405134, 0.07583448894307371, 0.06487092096010955, 0.0802195350473485, 0.0765795256132131, 0.07866137654150371, 0.06763200838835275, 0.06803030721650676, 0.07026900290761841, 0.06061521347589685, 0.059554435173424035, 0.056339871326956156, 0.05696501362015607, 0.05012818367759372, 0.05120578162551487, 0.05365883663639254, 0.053885536454568096, 0.05309554323276231, 0.05611886636527893, 0.057311527492541564, 0.056846068185274455, 0.05278838266595266, 0.04660167307847529, 0.05204298202937105, 0.04627153755901965, 0.05019199364224234, 0.04637199965592814, 0.043228014716469296, 0.042377708477848296, 0.036833159665487225, 0.0396520928598558, 0.03657491684796856, 0.036442816922842305, 0.03621971955557972, 0.03151234913760878, 0.03372731727969768, 0.03171382060148306, 0.030731860380236575, 0.029794990055506364, 0.02876303088543268, 0.03248624152961808, 0.027518796602233997, 0.027228981139303672, 0.028603366500199318, 0.027289881520773936, 0.027592234214407787, 0.025181897159601604, 0.02719709580430685, 0.024829761833864886], "rewards": [787.0, 0.0, 673.0, 891.0, 979.0, 983.0, 961.0, 858.0, 984.0, 807.0, 935.0, 950.0, 0.0, 894.0, 439.0, 0.0, 959.0, 910.0, 919.0, 957.0, 958.0, 931.0, 771.0, 778.0, 843.0, 984.0, 900.0, 994.0, 988.0, 932.0, 944.0, 923.0, 885.0, 990.0, 916.0, 987.0, 990.0, 764.0, 949.0, 832.0, 948.0, 892.0, 989.0, 964.0, 958.0, 832.0, 952.0, 994.0, 988.0], "steps": [250, 250, 250, 250, 250, 250, 250, 250, 250, 250, 250, 250, 250, 250, 250, 250, 250, 250, 250, 250, 250, 250, 250, 250, 250, 250, 250, 250, 250, 250, 250, 250, 250, 250, 250, 250, 250, 250, 250, 250, 250, 250, 250, 250, 250, 250, 250, 250, 250], "times": [24.594346523284912, 24.2421977519989, 25.863872289657593, 27.257784128189087, 27.804666996002197, 28.032734632492065, 29.137306213378906, 30.25951862335205, 31.445748567581177, 32.391157388687134, 33.4566605091095, 34.60052704811096, 35.72677779197693, 36.748788595199585, 37.78828048706055, 38.786295652389526, 40.07554292678833, 41.028117418289185, 42.12908625602722, 43.14908742904663, 44.33304810523987, 45.42890524864197, 46.70960998535156, 48.545259952545166, 48.608338832855225, 49.60235524177551, 50.74034667015076, 51.929192304611206, 52.56384587287903, 53.6585009098053, 54.73295712471008, 55.79976153373718, 56.708821058273315, 57.84443235397339, 60.67262244224548, 60.558470249176025, 61.65144348144531, 62.879441022872925, 63.9045295715332, 65.26526069641113, 66.19938158988953, 67.17502951622009, 68.09826302528381, 69.33409547805786, 70.25325012207031, 71.42903470993042, 72.36203670501709, 73.53997468948364, 74.35686564445496], "reward_stats": [{"max": "25.68", "min": "-1.89", "mean": "2.67", "std": "2.95"}, {"max": "44.67", "min": "-2.90", "mean": "5.70", "std": "6.37"}, {"max": "40.21", "min": "-0.63", "mean": "8.80", "std": "6.71"}, {"max": "35.52", "min": "-2.60", "mean": "11.39", "std": "7.18"}, {"max": "41.15", "min": "-1.39", "mean": "13.71", "std": "8.16"}, {"max": "42.51", "min": "-1.50", "mean": "14.93", "std": "9.10"}, {"max": "42.72", "min": "-0.56", "mean": "14.75", "std": "8.77"}, {"max": "44.25", "min": "-3.94", "mean": "14.03", "std": "9.48"}, {"max": "42.26", "min": "-1.39", "mean": "15.80", "std": "8.86"}, {"max": "43.82", "min": "-5.43", "mean": "13.63", "std": "9.64"}, {"max": "43.22", "min": "-2.55", "mean": "14.19", "std": "9.31"}, {"max": "40.77", "min": "-1.70", "mean": "13.19", "std": "7.89"}, {"max": "16.99", "min": "-1.35", "mean": "3.65", "std": "2.74"}, {"max": "44.69", "min": "-0.87", "mean": "15.91", "std": "10.02"}, {"max": "44.34", "min": "-0.54", "mean": "7.97", "std": "8.42"}, {"max": "37.63", "min": "-0.89", "mean": "4.26", "std": "5.34"}, {"max": "30.01", "min": "-1.05", "mean": "10.00", "std": "5.50"}, {"max": "35.73", "min": "-0.67", "mean": "10.77", "std": "6.93"}, {"max": "40.17", "min": "-0.74", "mean": "10.71", "std": "6.92"}, {"max": "39.61", "min": "-0.55", "mean": "12.14", "std": "6.85"}, {"max": "38.42", "min": "-3.05", "mean": "11.50", "std": "6.78"}, {"max": "39.83", "min": "-0.77", "mean": "11.37", "std": "6.92"}, {"max": "43.38", "min": "-0.79", "mean": "11.50", "std": "8.30"}, {"max": "41.18", "min": "-1.50", "mean": "11.40", "std": "8.28"}, {"max": "38.50", "min": "-1.30", "mean": "11.08", "std": "7.64"}, {"max": "42.03", "min": "-0.89", "mean": "12.97", "std": "7.44"}, {"max": "42.71", "min": "-1.22", "mean": "12.07", "std": "8.07"}, {"max": "42.53", "min": "-0.40", "mean": "12.97", "std": "7.51"}, {"max": "43.07", "min": "-0.14", "mean": "14.58", "std": "8.09"}, {"max": "43.87", "min": "-0.49", "mean": "12.95", "std": "8.24"}, {"max": "44.11", "min": "-0.46", "mean": "12.66", "std": "8.07"}, {"max": "39.12", "min": "-2.03", "mean": "12.07", "std": "7.34"}, {"max": "42.85", "min": "-1.07", "mean": "12.36", "std": "7.97"}, {"max": "43.02", "min": "-0.77", "mean": "12.98", "std": "7.54"}, {"max": "41.95", "min": "-0.43", "mean": "12.39", "std": "8.13"}, {"max": "43.07", "min": "-0.45", "mean": "14.41", "std": "8.12"}, {"max": "46.25", "min": "-0.10", "mean": "15.20", "std": "8.61"}, {"max": "47.25", "min": "-1.07", "mean": "11.81", "std": "9.49"}, {"max": "45.14", "min": "-1.10", "mean": "14.22", "std": "8.80"}, {"max": "44.63", "min": "-0.82", "mean": "12.49", "std": "8.80"}, {"max": "45.59", "min": "-1.62", "mean": "13.57", "std": "8.47"}, {"max": "46.60", "min": "-0.38", "mean": "12.90", "std": "8.78"}, {"max": "45.83", "min": "-0.41", "mean": "14.23", "std": "8.77"}, {"max": "45.16", "min": "-0.35", "mean": "13.28", "std": "8.13"}, {"max": "48.17", "min": "-0.39", "mean": "15.38", "std": "9.21"}, {"max": "46.32", "min": "-0.73", "mean": "13.34", "std": "9.29"}, {"max": "46.43", "min": "-1.07", "mean": "14.31", "std": "8.55"}, {"max": "45.82", "min": "-0.57", "mean": "14.37", "std": "8.34"}, {"max": "46.93", "min": "-0.58", "mean": "15.36", "std": "8.69"}], "info_stats": [{"max": "2.28", "min": "0.55", "mean": "1.14", "std": "0.13"}, {"max": "2.05", "min": "0.37", "mean": "0.96", "std": "0.17"}, {"max": "1.86", "min": "0.36", "mean": "0.94", "std": "0.23"}, {"max": "1.61", "min": "0.35", "mean": "0.86", "std": "0.21"}, {"max": "1.59", "min": "0.30", "mean": "0.80", "std": "0.21"}, {"max": "1.57", "min": "0.32", "mean": "0.80", "std": "0.23"}, {"max": "1.70", "min": "0.30", "mean": "0.82", "std": "0.23"}, {"max": "1.68", "min": "0.31", "mean": "0.85", "std": "0.23"}, {"max": "1.66", "min": "0.31", "mean": "0.85", "std": "0.24"}, {"max": "1.69", "min": "0.32", "mean": "0.90", "std": "0.25"}, {"max": "1.68", "min": "0.31", "mean": "0.89", "std": "0.24"}, {"max": "1.74", "min": "0.39", "mean": "0.96", "std": "0.20"}, {"max": "1.94", "min": "0.65", "mean": "1.33", "std": "0.13"}, {"max": "1.63", "min": "0.31", "mean": "0.87", "std": "0.21"}, {"max": "1.58", "min": "0.30", "mean": "0.95", "std": "0.18"}, {"max": "1.54", "min": "0.39", "mean": "0.95", "std": "0.13"}, {"max": "1.55", "min": "0.49", "mean": "0.99", "std": "0.14"}, {"max": "1.71", "min": "0.39", "mean": "0.96",