{"e_losses": [-36.467220839381206, -35.077800243179006, -34.058898302350705, -34.111097073838124, -34.49798655088742, -35.012086399376386, -35.74490283926508, -36.235487485349175, -36.77312669713223, -37.29847414784771, -37.68628370258013, -38.05270129659771, -38.28660256214704, -38.783536693874346, -39.07949732616702, -39.31704533933996, -39.589691059407734, -39.73453350038962, -40.03794407819148, -40.309059933031584, -40.52023249138356, -40.75627015227996, -40.95486448960833, -41.153233291864396, -41.30614659845418, -41.465634386674566, -41.65338997154467, -41.774782950349156, -42.00981004306765, -42.16730490257811, -42.285064946351724, -42.4202197154363, -42.54298582559018, -42.655835742868874, -42.74653668508162, -42.87011299898625, -42.999785680878446, -43.08917318593747, -43.187790507987486, -43.29530946574969, -43.36791444640954, -43.439456564970634, -43.527554192578556, -43.593692184438304, -43.63023701046438, -43.708302357132425, -43.78426699992957, -43.832576319144344, -43.91136511475859], "r_losses": [0.02229998434090522, 0.020867916717077616, 0.2733462465256453, 0.7331482447609307, 1.10826820133792, 1.376472614353895, 1.8312301151535726, 2.5218136941691243, 2.999638012578855, 3.5759496105270743, 4.256791574132444, 5.108688205286862, 5.7941716103378464, 6.7118564387394315, 7.814357128563679, 8.467828710404039, 9.571344616100902, 10.500754401794893, 11.555810390008535, 12.895526335748539, 13.865436776559358, 15.01394626731139, 16.393444540262223, 17.828717808329635, 19.1501771314658, 19.992227756724755, 21.69411394625517, 22.8457001008559, 24.193910581482182, 25.568594405866705, 27.29743512503079, 28.43554696828457, 30.067305352633877, 31.606940110866958, 32.923473327976005, 34.35287027980983, 36.06750766604049, 37.368126658902995, 38.78767222577889, 40.541754569076694, 41.8641228569362, 43.371511910229266, 45.48102578242979, 47.02876203411942, 48.62621724588958, 50.47402330190839, 52.0817088165254, 53.230200604026734, 54.65118509942009], "rewards": [0.0, 566.0, 453.0, 898.0, 914.0, 981.0, 921.0, 986.0, 945.0, 943.0, 921.0, 988.0, 986.0, 953.0, 954.0, 890.0, 947.0, 989.0, 979.0, 952.0, 988.0, 986.0, 951.0, 945.0, 986.0, 988.0, 949.0, 953.0, 988.0, 985.0, 947.0, 941.0, 989.0, 954.0, 988.0, 987.0, 988.0, 949.0, 989.0, 950.0, 985.0, 935.0, 944.0, 903.0, 988.0, 947.0, 932.0, 947.0, 954.0], "steps": [250, 250, 250, 250, 250, 250, 250, 250, 250, 250, 250, 250, 250, 250, 250, 250, 250, 250, 250, 250, 250, 250, 250, 250, 250, 250, 250, 250, 250, 250, 250, 250, 250, 250, 250, 250, 250, 250, 250, 250, 250, 250, 250, 250, 250, 250, 250, 250, 250], "times": [23.712140798568726, 25.258145332336426, 26.59392213821411, 27.990309238433838, 29.57170820236206, 30.79465651512146, 32.24818801879883, 33.678274154663086, 35.14098882675171, 36.49072337150574, 38.00811243057251, 39.383251667022705, 40.77824020385742, 42.207576274871826, 43.78163027763367, 45.14812898635864, 46.644532442092896, 47.81975603103638, 49.464340925216675, 50.75125217437744, 52.289549112319946, 53.40775728225708, 54.74843168258667, 56.42530703544617, 57.808396339416504, 59.296950817108154, 60.90756559371948, 62.44778060913086, 63.80677604675293, 65.2339117527008, 66.4691047668457, 67.79929780960083, 69.59096455574036, 70.95642828941345, 72.08440256118774, 73.52714824676514, 75.348384141922, 76.58531022071838, 77.95103311538696, 79.36187863349915, 80.43840599060059, 81.77541422843933, 83.56713151931763, 84.9782440662384, 86.46402764320374, 87.62361693382263, 89.42033624649048, 90.52911853790283, 91.89340329170227], "reward_stats": [{"max": "71.92", "min": "-13.74", "mean": "8.53", "std": "10.32"}, {"max": "57.14", "min": "-32.04", "mean": "4.91", "std": "7.40"}, {"max": "364.63", "min": "-15.81", "mean": "105.83", "std": "66.70"}, {"max": "317.35", "min": "-5.19", "mean": "122.68", "std": "54.80"}, {"max": "399.20", "min": "-16.44", "mean": "185.45", "std": "92.92"}, {"max": "468.92", "min": "-2.23", "mean": "216.06", "std": "109.41"}, {"max": "468.05", "min": "-22.07", "mean": "208.57", "std": "111.84"}, {"max": "529.68", "min": "-8.24", "mean": "265.54", "std": "130.92"}, {"max": "549.41", "min": "-13.89", "mean": "251.51", "std": "126.14"}, {"max": "605.05", "min": "-31.91", "mean": "288.25", "std": "144.64"}, {"max": "647.03", "min": "-39.85", "mean": "315.65", "std": "162.62"}, {"max": "678.05", "min": "-9.84", "mean": "322.56", "std": "157.28"}, {"max": "719.84", "min": "-2.13", "mean": "356.76", "std": "170.89"}, {"max": "756.33", "min": "-22.04", "mean": "400.43", "std": "182.70"}, {"max": "772.34", "min": "-54.79", "mean": "399.06", "std": "184.80"}, {"max": "817.34", "min": "-82.71", "mean": "396.88", "std": "193.94"}, {"max": "852.83", "min": "-122.67", "mean": "423.75", "std": "198.94"}, {"max": "882.01", "min": "-33.39", "mean": "455.57", "std": "195.77"}, {"max": "916.32", "min": "-65.58", "mean": "482.79", "std": "204.87"}, {"max": "955.12", "min": "-56.16", "mean": "530.54", "std": "212.61"}, {"max": "987.10", "min": "-50.64", "mean": "539.44", "std": "208.54"}, {"max": "1029.78", "min": "-14.29", "mean": "585.53", "std": "212.35"}, {"max": "1043.49", "min": "-44.11", "mean": "579.26", "std": "225.35"}, {"max": "1091.28", "min": "-150.71", "mean": "608.38", "std": "224.03"}, {"max": "1145.14", "min": "-63.11", "mean": "629.36", "std": "235.10"}, {"max": "1163.35", "min": "-31.83", "mean": "692.40", "std": "240.63"}, {"max": "1191.34", "min": "-109.57", "mean": "697.36", "std": "259.76"}, {"max": "1231.80", "min": "-40.09", "mean": "729.79", "std": "261.43"}, {"max": "1239.88", "min": "-19.07", "mean": "773.71", "std": "240.83"}, {"max": "1264.28", "min": "12.05", "mean": "767.44", "std": "242.71"}, {"max": "1299.46", "min": "-122.85", "mean": "810.13", "std": "274.99"}, {"max": "1342.06", "min": "-59.33", "mean": "850.26", "std": "284.32"}, {"max": "1385.20", "min": "22.29", "mean": "876.46", "std": "283.26"}, {"max": "1373.27", "min": "-171.42", "mean": "859.64", "std": "284.16"}, {"max": "1445.17", "min": "6.01", "mean": "942.99", "std": "283.23"}, {"max": "1458.33", "min": "9.59", "mean": "948.07", "std": "289.00"}, {"max": "1472.03", "min": "44.17", "mean": "980.41", "std": "281.10"}, {"max": "1524.88", "min": "-14.92", "mean": "989.89", "std": "314.05"}, {"max": "1599.66", "min": "-108.82", "mean": "1033.88", "std": "294.38"}, {"max": "1580.88", "min": "-169.64", "mean": "1056.62", "std": "309.95"}, {"max": "1667.74", "min": "109.70", "mean": "1090.17", "std": "315.10"}, {"max": "1641.41", "min": "-183.18", "mean": "1101.36", "std": "328.28"}, {"max": "1649.74", "min": "34.13", "mean": "1101.68", "std": "303.35"}, {"max": "1675.94", "min": "-81.45", "mean": "1087.59", "std": "352.92"}, {"max": "1740.98", "min": "32.14", "mean": "1214.81", "std": "319.72"}, {"max": "1749.15", "min": "39.95", "mean": "1206.74", "std": "340.61"}, {"max": "1773.76", "min": "43.11", "mean": "1220.44", "std": "323.40"}, {"max": "1804.04", "min": "-192.89", "mean": "1240.12", "std": "340.86"}, {"max": "1821.05", "min": "-47.07", "mean": "1262.06", "std": "352.95"}], "info_stats": [{"max": "2.34", "min": "0.42", "mean": "1.05", "std": "0.19"}, {"max": "1.74", "min": "0.56", "mean": "1.13", "std": "0.15"}, {"max": "1.78", "min": "0.48", "mean": "1.04", "std": "0.16"}, {"max": "1.57", "min": "0.43", "mean": "0.89", "std": "0.15"}, {"max": "1.53", "min": "0.32", "mean": "0.77", "std": "0.21"}, {"max": "1.52", "min": "0.31", "mean": "0.74", "std": "0.22"}, {"max": "1.60", "min": "0.27", "mean": "0.77", "std": "0.22"}, {"max": "1.55", "min": "0.30", "mean": "0.75", "std": "0.23"}, {"max": "1.56", "min": "0.30", "mean": "0.78", "std": "0.23"}, {"max": "1.56", "min": "0.28", "mean": "0.77", "std": "0.24"}, {"max": "1.60", "min": "0.31", "mean": "0.79", "std": "0.24"}, {"max": "1.62", "min": "0.31", "mean": "0.80", "std": "0.24"}, {"max": "1.60", "min": "0.31", "mean": "0.80", "std": "0.24"}, {"max": "1.58", "min": "0.31", "mean": "0.79", "std": "0.24"}, {"max": "1.64", "min": "0.30",