{"e_losses": [-36.170995118498794, -34.39177138427895, -34.72649697695461, -35.053842809915544, -35.71536128281221, -35.56379621289373, -36.24813958857275, -36.58100775959095, -36.568243244061094, -36.881224433967056, -37.17172735201519, -37.533781988497815, -37.91164579042266, -38.4012252614167, -38.7885160173617, -39.06963528505268, -39.36700733073554, -39.68906554998051, -39.817321691844775, -40.02530917468667, -39.86977807027339, -39.91078120194034, -40.11435593200613, -40.33031700143643, -40.5136925698231, -40.69832817940713, -40.827925637595115, -40.766484343193476, -40.885164386612004, -41.06892754239193, -41.228018405968804, -41.426711496399506, -41.55956137130066, -41.55660594009728, -41.61818413790678, -41.70209632561207, -41.848005546290686, -41.94630583961806, -42.01439935431369, -42.146819939136506, -42.23940205512842, -42.379778904793056, -42.392286104542144, -42.459053440622995, -42.56264980123725, -42.640589394316684, -42.76975609472336, -42.85398088436861, -42.88840652685797], "r_losses": [0.015032562342749585, 0.024727596523768325, 0.05087419567266311, 0.06349572507209268, 0.0665161382329469, 0.05698959860179456, 0.056676905329860444, 0.06436713393364818, 0.053837411613516996, 0.05286674541696471, 0.05472737397449094, 0.05710862571573669, 0.052139017362602944, 0.04965427922372651, 0.049698229660568076, 0.04454170597172924, 0.04247115940705132, 0.04769173927610706, 0.042476972494076976, 0.03905975130719164, 0.044248936673381846, 0.039517149858340136, 0.04431364544892372, 0.04257819857273924, 0.04374206107732807, 0.041186610790935836, 0.042202726615987146, 0.0422407284890105, 0.04359494787864524, 0.03955558621196542, 0.04009674207021016, 0.037486900717497024, 0.03908424283587374, 0.03675993629388272, 0.03440640218063999, 0.03519892465023441, 0.034554535639922335, 0.03330774719456566, 0.032504721340686805, 0.032259114775507684, 0.03056518913674841, 0.03430154452982877, 0.0306011861019379, 0.031269439235281124, 0.028755871344254388, 0.029034765007080278, 0.02836501628789347, 0.02684820730320643, 0.025080908579220306], "rewards": [89.0, 917.0, 0.0, 950.0, 0.0, 989.0, 885.0, 426.0, 952.0, 858.0, 972.0, 946.0, 989.0, 996.0, 941.0, 956.0, 870.0, 896.0, 918.0, 780.0, 807.0, 907.0, 989.0, 918.0, 984.0, 995.0, 320.0, 989.0, 952.0, 989.0, 990.0, 989.0, 674.0, 990.0, 771.0, 918.0, 992.0, 918.0, 988.0, 991.0, 958.0, 858.0, 989.0, 989.0, 990.0, 991.0, 990.0, 964.0, 972.0], "steps": [250, 250, 250, 250, 250, 250, 250, 250, 250, 250, 250, 250, 250, 250, 250, 250, 250, 250, 250, 250, 250, 250, 250, 250, 250, 250, 250, 250, 250, 250, 250, 250, 250, 250, 250, 250, 250, 250, 250, 250, 250, 250, 250, 250, 250, 250, 250, 250, 250], "times": [23.390806674957275, 24.404777765274048, 25.60950779914856, 26.73764967918396, 27.861364603042603, 28.867697954177856, 30.122143983840942, 31.15505313873291, 32.279138803482056, 33.28013014793396, 34.92267179489136, 35.62761187553406, 37.233906269073486, 37.54271125793457, 38.26375985145569, 39.335612773895264, 40.47278881072998, 41.7147433757782, 42.729148149490356, 43.83842062950134, 44.762818574905396, 45.09529256820679, 46.40826916694641, 47.05390214920044, 48.02005100250244, 48.97513747215271, 50.449764251708984, 51.2201988697052, 52.29362177848816, 53.38539481163025, 54.66957235336304, 55.57090401649475, 56.98425817489624, 57.800355195999146, 58.739672899246216, 60.16086411476135, 60.99121379852295, 62.00605869293213, 62.958261489868164, 63.92897009849548, 65.3381450176239, 68.13612675666809, 70.16824245452881, 70.17360663414001, 71.25564980506897, 72.43258810043335, 73.45488357543945, 74.46555376052856, 75.72962808609009], "reward_stats": [{"max": "50.10", "min": "-0.75", "mean": "10.94", "std": "8.57"}, {"max": "40.10", "min": "-1.15", "mean": "8.32", "std": "6.23"}, {"max": "73.21", "min": "-3.16", "mean": "11.17", "std": "11.42"}, {"max": "27.99", "min": "-3.22", "mean": "7.36", "std": "4.56"}, {"max": "32.24", "min": "-5.03", "mean": "6.30", "std": "5.51"}, {"max": "29.64", "min": "-1.80", "mean": "7.64", "std": "4.67"}, {"max": "29.92", "min": "-1.64", "mean": "6.87", "std": "3.93"}, {"max": "25.03", "min": "-7.16", "mean": "3.93", "std": "4.17"}, {"max": "25.82", "min": "-2.60", "mean": "4.02", "std": "3.48"}, {"max": "28.04", "min": "-3.11", "mean": "6.09", "std": "4.47"}, {"max": "31.91", "min": "-2.33", "mean": "5.98", "std": "4.79"}, {"max": "36.34", "min": "-4.63", "mean": "7.76", "std": "5.86"}, {"max": "30.14", "min": "-4.51", "mean": "7.68", "std": "5.57"}, {"max": "29.87", "min": "-1.61", "mean": "6.39", "std": "4.73"}, {"max": "36.88", "min": "-4.24", "mean": "7.61", "std": "5.81"}, {"max": "35.04", "min": "-6.99", "mean": "8.49", "std": "5.98"}, {"max": "32.71", "min": "-2.51", "mean": "7.72", "std": "5.58"}, {"max": "31.18", "min": "-4.75", "mean": "7.04", "std": "4.89"}, {"max": "26.89", "min": "-1.87", "mean": "6.00", "std": "4.57"}, {"max": "27.05", "min": "-3.73", "mean": "7.33", "std": "4.34"}, {"max": "46.01", "min": "-3.65", "mean": "11.55", "std": "8.76"}, {"max": "49.24", "min": "-1.79", "mean": "13.19", "std": "8.55"}, {"max": "48.33", "min": "-2.26", "mean": "14.87", "std": "9.28"}, {"max": "49.64", "min": "-1.56", "mean": "15.77", "std": "10.60"}, {"max": "52.41", "min": "-0.79", "mean": "17.97", "std": "10.49"}, {"max": "57.23", "min": "-1.26", "mean": "16.72", "std": "11.51"}, {"max": "47.46", "min": "-6.18", "mean": "8.77", "std": "9.67"}, {"max": "46.91", "min": "-1.10", "mean": "14.32", "std": "8.84"}, {"max": "44.93", "min": "-3.03", "mean": "13.90", "std": "8.57"}, {"max": "49.47", "min": "-1.89", "mean": "14.69", "std": "9.71"}, {"max": "44.75", "min": "-0.46", "mean": "14.95", "std": "8.83"}, {"max": "47.78", "min": "-0.74", "mean": "16.86", "std": "9.30"}, {"max": "45.59", "min": "-5.39", "mean": "11.10", "std": "9.29"}, {"max": "48.07", "min": "-1.03", "mean": "15.91", "std": "9.52"}, {"max": "45.76", "min": "-5.70", "mean": "12.51", "std": "9.72"}, {"max": "47.37", "min": "-1.59", "mean": "16.57", "std": "9.62"}, {"max": "47.30", "min": "-2.42", "mean": "14.69", "std": "8.61"}, {"max": "45.91", "min": "-4.61", "mean": "14.45", "std": "9.10"}, {"max": "47.23", "min": "-2.04", "mean": "15.48", "std": "8.36"}, {"max": "46.31", "min": "-1.15", "mean": "16.98", "std": "9.29"}, {"max": "44.89", "min": "-1.32", "mean": "16.46", "std": "8.75"}, {"max": "46.39", "min": "-5.21", "mean": "14.55", "std": "9.41"}, {"max": "46.29", "min": "-3.26", "mean": "14.67", "std": "8.48"}, {"max": "45.76", "min": "-1.68", "mean": "18.06", "std": "8.47"}, {"max": "47.10", "min": "-1.50", "mean": "15.31", "std": "8.83"}, {"max": "47.49", "min": "-0.40", "mean": "16.58", "std": "8.85"}, {"max": "47.36", "min": "-2.35", "mean": "16.96", "std": "8.81"}, {"max": "46.71", "min": "-1.78", "mean": "15.39", "std": "8.22"}, {"max": "46.30", "min": "-0.82", "mean": "15.17", "std": "8.43"}], "info_stats": [{"max": "2.32", "min": "0.42", "mean": "1.16", "std": "0.17"}, {"max": "1.58", "min": "0.52", "mean": "0.99", "std": "0.13"}, {"max": "1.53", "min": "0.52", "mean": "0.92", "std": "0.13"}, {"max": "1.59", "min": "0.47", "mean": "0.99", "std": "0.14"}, {"max": "1.61", "min": "0.42", "mean": "0.97", "std": "0.14"}, {"max": "1.57", "min": "0.49", "mean": "0.93", "std": "0.14"}, {"max": "1.66", "min": "0.52", "mean": "0.99", "std": "0.14"}, {"max": "1.60", "min": "0.50", "mean": "0.99", "std": "0.13"}, {"max": "1.54", "min": "0.54", "mean": "0.96", "std": "0.13"}, {"max": "1.63", "min": "0.53", "mean": "0.97", "std": "0.15"}, {"max": "1.53", "min": "0.50", "mean": "0.98", "std": "0.14"}, {"max": "1.59", "min": "0.41", "mean": "0.96", "std": "0.15"}, {"max": "1.59", "min": "0.53", "mean": "0.97", "std": "0.14"}, {"max": "1.62", "min": "0.50", "mean": "0.99", "std": "0.13"}, {"max": "1.65", "min": "0.51", "mean": "0.98", "std": "0.15"}, {"max": "1.72", "min": "0.54", "mean": "1.00", "std": "0.15"}, {"max": "1.71", "min": "0.53", "mean": "1.02", "std": "0.16"}, {"max": "1.64", "min": "0.50", "mean": "1.03",