{"e_losses": [-70.9001950772603, -59.94893701076506, -49.79415069878101, -54.614102295875554, -53.721518527984635, -53.818025601387035, -59.5267329533895, -58.94601192315421, -63.26027763230462, -63.8040233584813, -68.54449615895749, -67.55046206533909, -70.97684445910983, -75.95531419467925, -87.11959525915292, -88.83796147993631, -91.179655496041, -93.39960991710424, -94.77506348231263, -98.53908703923226, -98.8101555515471, -98.32733562800021, -99.59957621123478, -99.30354934930803, -100.01983783587814, -101.33797301549181, -101.83489655618315, -101.36924184887498, -102.40070349454874, -102.38026053214888, -102.67203295417634, -102.87500459094203, -103.59557518554456, -103.5064053571224, -105.07205390688534, -106.10824045703959, -106.28036815233351, -106.9305422538803, -107.0859545457086, -107.82529188936404, -107.77557285213469, -108.81577432622713, -109.68905262236409, -109.75628463131409, -110.28858254481638, -110.2539490025713, -110.79463752619431, -110.98280047913072, -111.66612056445331], "r_losses": [8.309905328725151e-05, 0.0019490698151154592, 0.0018123017419566167, 0.001793725655326853, 0.0020126083099457908, 0.0033836513980641005, 0.001859533315897958, 0.003069772599750045, 0.002102837123800003, 0.0028620744905284846, 0.002987240919683245, 0.003598090399682405, 0.002897602380706101, 0.0027573781456449063, 0.0019888384946926425, 0.0022943769573300545, 0.002191448521218263, 0.0021807732307024706, 0.0021529101342585982, 0.0017583803269517382, 0.0016895626570441805, 0.0017971449764379271, 0.001566209130149851, 0.0016242684945198406, 0.0015235594326562319, 0.0015116911029830454, 0.0019356482872185385, 0.0018685624187033958, 0.001497101171959817, 0.0017518730042803362, 0.0015712504737166464, 0.0014834376350500536, 0.0015302152568399457, 0.0015918771911075215, 0.001358861036010607, 0.0010681694609478976, 0.0011129079195802102, 0.0011543831199789906, 0.000977205747320875, 0.0010537198045366576, 0.0009578214349862217, 0.000926901656431459, 0.0008274196963083546, 0.0007629569112033876, 0.0007969705333279567, 0.000833181349022804, 0.0007055830513916133, 0.0007519755521242153, 0.0005591936026564604], "rewards": [1.0, 1.0, 1.0, 1.0, 1.0, 1.0, 1.0, 1.0, 1.0, 1.0, 1.0, 1.0, 1.0, 0, 1.0, 1.0, 1.0, 1.0, 0, 1.0, 1.0, 1.0, 1.0, 1.0, 1.0, 1.0, 1.0, 1.0, 1.0, 1.0, 1.0, 1.0, 1.0, 0, 1.0, 1.0, 1.0, 1.0, 1.0, 1.0, 0, 0, 1.0, 1.0, 1.0, 0, 1.0, 0, 0], "steps": [23, 35, 26, 24, 24, 25, 24, 24, 24, 24, 26, 24, 34, 167, 43, 74, 50, 36, 167, 38, 55, 25, 24, 53, 78, 55, 27, 56, 45, 52, 37, 87, 54, 167, 67, 117, 49, 49, 61, 51, 167, 167, 118, 73, 47, 167, 45, 167, 167], "times": [5.992273330688477, 6.943559646606445, 5.6053876876831055, 5.397467613220215, 5.41869854927063, 5.612515211105347, 5.6567912101745605, 5.650099992752075, 5.864670276641846, 5.862871170043945, 6.4403088092803955, 6.077226161956787, 8.060085773468018, 32.05803894996643, 10.573549509048462, 16.326853275299072, 12.319593906402588, 10.019766807556152, 33.59830284118652, 11.213321924209595, 14.462209939956665, 9.336796522140503, 9.44028091430664, 14.660800218582153, 19.231701135635376, 15.580254077911377, 10.838615417480469, 16.033782482147217, 14.471441745758057, 15.6501145362854, 13.281055450439453, 22.36526322364807, 16.930045127868652, 37.32343935966492, 20.216926097869873, 29.540693998336792, 17.83789038658142, 18.175576210021973, 20.435938835144043, 18.90590476989746, 39.77918744087219, 40.60905075073242, 32.581963539123535, 25.06258726119995, 20.951120615005493, 42.43057084083557, 21.42023015022278, 43.255961179733276, 43.999223709106445], "reward_stats": [{"max": "0.55", "min": "-0.27", "mean": "0.06", "std": "0.08"}, {"max": "68.09", "min": "-0.29", "mean": "4.56", "std": "6.80"}, {"max": "474.60", "min": "-0.19", "mean": "31.72", "std": "64.60"}, {"max": "2211.80", "min": "-0.20", "mean": "316.17", "std": "521.07"}, {"max": "3936.41", "min": "-0.12", "mean": "572.01", "std": "921.76"}, {"max": "6511.42", "min": "-0.02", "mean": "827.52", "std": "1488.06"}, {"max": "5007.47", "min": "-0.18", "mean": "750.43", "std": "1223.84"}, {"max": "3024.49", "min": "0.05", "mean": "475.13", "std": "762.45"}, {"max": "3088.27", "min": "-0.05", "mean": "502.48", "std": "759.97"}, {"max": "1563.57", "min": "-0.23", "mean": "244.47", "std": "377.73"}, {"max": "802.13", "min": "-0.01", "mean": "107.85", "std": "188.39"}, {"max": "1286.13", "min": "-0.31", "mean": "209.24", "std": "313.89"}, {"max": "554.09", "min": "-0.11", "mean": "54.62", "std": "114.08"}, {"max": "0.49", "min": "-0.21", "mean": "-0.14", "std": "0.02"}, {"max": "451.45", "min": "-0.18", "mean": "20.72", "std": "66.04"}, {"max": "520.42", "min": "-0.18", "mean": "28.40", "std": "79.12"}, {"max": "426.15", "min": "-0.12", "mean": "30.40", "std": "74.08"}, {"max": "464.80", "min": "-0.15", "mean": "49.02", "std": "96.53"}, {"max": "1.93", "min": "-0.20", "mean": "0.05", "std": "0.04"}, {"max": "332.44", "min": "-0.14", "mean": "31.89", "std": "63.86"}, {"max": "364.54", "min": "-0.13", "mean": "25.59", "std": "63.15"}, {"max": "227.09", "min": "-0.18", "mean": "28.95", "std": "47.51"}, {"max": "67.85", "min": "-0.09", "mean": "5.54", "std": "11.64"}, {"max": "280.77", "min": "-0.19", "mean": "19.90", "std": "49.74"}, {"max": "499.78", "min": "0.01", "mean": "25.44", "std": "77.10"}, {"max": "92.25", "min": "-25.04", "mean": "0.14", "std": "7.69"}, {"max": "374.83", "min": "-0.33", "mean": "49.05", "std": "80.60"}, {"max": "58.04", "min": "-21.12", "mean": "1.38", "std": "5.90"}, {"max": "53.23", "min": "-0.27", "mean": "1.88", "std": "5.46"}, {"max": "758.91", "min": "-1.23", "mean": "38.84", "std": "111.24"}, {"max": "1.19", "min": "-175.00", "mean": "-3.45", "std": "10.82"}, {"max": "1233.69", "min": "-0.97", "mean": "45.79", "std": "161.17"}, {"max": "490.27", "min": "-0.89", "mean": "15.97", "std": "55.93"}, {"max": "36.66", "min": "-0.63", "mean": "0.08", "std": "1.56"}, {"max": "1025.51", "min": "-0.42", "mean": "34.40", "std": "107.64"}, {"max": "286.69", "min": "-0.03", "mean": "8.25", "std": "31.74"}, {"max": "1202.45", "min": "-0.45", "mean": "35.66", "std": "99.74"}, {"max": "421.37", "min": "-0.04", "mean": "12.63", "std": "39.86"}, {"max": "41.17", "min": "-0.02", "mean": "1.61", "std": "4.17"}, {"max": "5242.49", "min": "-0.06", "mean": "126.30", "std": "445.78"}, {"max": "0.51", "min": "-0.15", "mean": "0.11", "std": "0.01"}, {"max": "0.70", "min": "0.04", "mean": "0.09", "std": "0.02"}, {"max": "957.26", "min": "-0.11", "mean": "4.23", "std": "26.45"}, {"max": "32.19", "min": "-0.00", "mean": "1.24", "std": "3.62"}, {"max": "707.38", "min": "-0.21", "mean": "6.76", "std": "24.30"}, {"max": "1.28", "min": "0.02", "mean": "0.04", "std": "0.01"}, {"max": "3576.72", "min": "-0.01", "mean": "72.35", "std": "232.58"}, {"max": "5.32", "min": "-0.00", "mean": "0.02", "std": "0.01"}, {"max": "0.20", "min": "-0.01", "mean": "0.01", "std": "0.00"}], "info_stats": [{"max": "127.41", "min": "11.36", "mean": "54.38", "std": "30.34"}, {"max": "106.90", "min": "10.24", "mean": "51.46", "std": "16.52"}, {"max": "91.32", "min": "18.57", "mean": "41.65", "std": "14.24"}, {"max": "142.51", "min": "12.46", "mean": "59.54", "std": "32.01"}, {"max": "156.15", "min": "15.41", "mean": "63.83", "std": "35.14"}, {"max": "170.07", "min": "14.28", "mean": "64.25", "std": "42.39"}, {"max": "155.20", "min": "8.08", "mean": "60.09", "std": "38.33"}, {"max": "143.16", "min": "11.22", "mean": "55.16", "std": "34.47"}, {"max": "139.19", "min": "10.39", "mean": "55.75", "std": "33.19"}, {"max": "112.67", "min": "10.37", "mean": "46.76", "std": "23.67"}, {"max": "92.08", "min": "8.17", "mean": "34.29", "std": "19.57"}, {"max": "106.52", "min": "10.43", "mean": "41.06", "std": "23.89"}, {"max": "83.77", "min": "8.34", "mean": "28.65", "std": "15.68"}, {"max": "32.25", "min": "5.09", "mean": "17.20", "std": "2.70"}, {"max": "77.95", "min": "6.24", "mean": "24.19", "std": "12.89"}, {"max": "67.22", "min": "6.90", "mean": "20.45", "std": "8.36"}, {"max": "80.67",