{"e_losses": [-35.75068120126726, -33.01325424663226, -32.508709684159065, -33.3563297456503, -33.8018140127394, -34.428975139343734, -35.121333572322676, -35.80545742718379, -36.307671221691834, -37.86424339686123, -38.27265216762224, -38.539129450913514, -38.75100212980019, -39.09892301625675, -39.29601057678776, -39.69334750090839, -40.02435339789163, -40.06840025811033, -40.27286598784509, -40.453163759628936, -40.64983906618118, -40.912392016612564, -41.018795915683114, -41.25661837999311, -41.43733510665236, -41.510419891277955, -41.65451678988243, -41.8015698306933, -41.93727277125012, -42.07359955490337, -42.17752644175802, -42.31467545498743, -42.39118014842111, -42.51699986139096, -42.598469317799974, -42.73745232041179, -42.8015124144147, -42.930573496046506, -42.983377997545304, -43.09840504310347, -43.181278531948735, -43.271483620493306, -43.34941882465117, -43.405888923051464, -43.46374975629727, -43.34294993867876, -43.477329117517826, -43.48218601397825, -43.66322848299313], "r_losses": [0.06675549289155752, 0.33114442339787864, 0.352103141155626, 0.7801431767717001, 1.1262182595431802, 1.710510185754299, 2.2043580233725635, 2.430854556346933, 2.890698689790871, 3.3684621095912792, 3.67429944429795, 4.588645012725144, 5.457780394389348, 6.354364431990516, 7.171871334480613, 7.60000912926197, 8.923559863793, 9.343774732535534, 10.690986496024804, 12.00139251036197, 13.150737761585708, 14.724519655165764, 16.509131028477803, 16.70626661617735, 18.27467590399035, 19.933530001866817, 21.55417177893654, 22.449641501861624, 23.277420602306275, 25.09105998059143, 27.11451809055039, 27.531501090402397, 29.408169804407134, 30.392216174460565, 31.63475215392617, 33.38692817899064, 36.06379102011279, 37.336488260279104, 38.46996386632115, 40.517963947162706, 42.16326589142019, 42.87714714094477, 45.04563939597567, 46.87878070972053, 48.91848660074933, 50.29656755525053, 51.325139678494594, 53.19071435802487, 55.16667341007489], "rewards": [295.0, 3.0, 931.0, 555.0, 777.0, 980.0, 0.0, 936.0, 0.0, 984.0, 991.0, 882.0, 986.0, 984.0, 0.0, 988.0, 906.0, 931.0, 985.0, 951.0, 1000.0, 955.0, 948.0, 989.0, 987.0, 953.0, 994.0, 0.0, 987.0, 988.0, 986.0, 952.0, 988.0, 986.0, 984.0, 948.0, 986.0, 989.0, 987.0, 951.0, 959.0, 985.0, 909.0, 999.0, 939.0, 956.0, 985.0, 952.0, 948.0], "steps": [250, 250, 250, 250, 250, 250, 250, 250, 250, 250, 250, 250, 250, 250, 250, 250, 250, 250, 250, 250, 250, 250, 250, 250, 250, 250, 250, 250, 250, 250, 250, 250, 250, 250, 250, 250, 250, 250, 250, 250, 250, 250, 250, 250, 250, 250, 250, 250, 250], "times": [23.802844762802124, 25.18957281112671, 26.584742307662964, 28.07331395149231, 29.476036071777344, 30.842745780944824, 32.32905912399292, 33.78459596633911, 35.15947103500366, 36.44416856765747, 38.00715398788452, 39.33747100830078, 40.854270219802856, 42.32216835021973, 43.60547351837158, 45.10787224769592, 46.487427949905396, 47.98646664619446, 49.533998250961304, 50.77494740486145, 52.21422076225281, 53.53202223777771, 55.03349018096924, 56.54289126396179, 57.62802171707153, 59.23966455459595, 60.71063947677612, 62.22552990913391, 63.70874094963074, 65.03880977630615, 66.53012657165527, 67.77232718467712, 69.25981426239014, 70.88116717338562, 72.22853016853333, 73.49693655967712, 74.98952126502991, 76.1962742805481, 78.03329372406006, 79.36601734161377, 80.38714504241943, 81.75972986221313, 83.15013766288757, 84.98309016227722, 86.36370325088501, 87.36664986610413, 89.16854691505432, 90.19377112388611, 91.94286799430847], "reward_stats": [{"max": "258.19", "min": "-0.36", "mean": "49.05", "std": "43.01"}, {"max": "90.23", "min": "-10.33", "mean": "17.02", "std": "13.42"}, {"max": "206.18", "min": "-3.00", "mean": "53.64", "std": "34.50"}, {"max": "339.35", "min": "-12.83", "mean": "101.19", "std": "69.86"}, {"max": "305.77", "min": "-25.38", "mean": "93.72", "std": "65.15"}, {"max": "334.71", "min": "-30.87", "mean": "112.28", "std": "67.06"}, {"max": "151.06", "min": "-51.70", "mean": "50.72", "std": "25.36"}, {"max": "384.43", "min": "-15.74", "mean": "132.87", "std": "77.45"}, {"max": "250.93", "min": "-15.25", "mean": "87.41", "std": "49.91"}, {"max": "443.10", "min": "-0.10", "mean": "158.36", "std": "86.64"}, {"max": "460.44", "min": "0.23", "mean": "149.04", "std": "81.86"}, {"max": "513.49", "min": "-6.89", "mean": "166.85", "std": "103.05"}, {"max": "525.90", "min": "2.86", "mean": "187.09", "std": "99.14"}, {"max": "581.13", "min": "7.04", "mean": "196.22", "std": "102.42"}, {"max": "352.57", "min": "-37.29", "mean": "131.45", "std": "72.18"}, {"max": "636.37", "min": "14.38", "mean": "234.28", "std": "112.69"}, {"max": "675.35", "min": "-6.07", "mean": "251.65", "std": "125.16"}, {"max": "692.64", "min": "0.79", "mean": "243.24", "std": "126.57"}, {"max": "714.15", "min": "11.57", "mean": "270.53", "std": "132.24"}, {"max": "809.06", "min": "3.04", "mean": "288.38", "std": "151.98"}, {"max": "803.54", "min": "0.42", "mean": "278.81", "std": "149.27"}, {"max": "880.89", "min": "-1.40", "mean": "315.28", "std": "157.36"}, {"max": "971.95", "min": "-38.66", "mean": "355.50", "std": "180.75"}, {"max": "874.50", "min": "16.02", "mean": "329.53", "std": "152.35"}, {"max": "910.16", "min": "39.20", "mean": "344.66", "std": "153.69"}, {"max": "1008.53", "min": "24.75", "mean": "373.83", "std": "172.64"}, {"max": "1074.39", "min": "0.80", "mean": "404.48", "std": "190.26"}, {"max": "821.73", "min": "29.33", "mean": "367.70", "std": "135.87"}, {"max": "1042.90", "min": "24.03", "mean": "390.36", "std": "181.30"}, {"max": "1121.67", "min": "48.62", "mean": "416.92", "std": "191.51"}, {"max": "1195.79", "min": "31.33", "mean": "484.92", "std": "218.75"}, {"max": "1165.07", "min": "40.04", "mean": "468.23", "std": "206.26"}, {"max": "1171.58", "min": "44.47", "mean": "449.32", "std": "202.71"}, {"max": "1152.34", "min": "61.46", "mean": "436.25", "std": "182.28"}, {"max": "1187.88", "min": "59.04", "mean": "461.64", "std": "195.75"}, {"max": "1157.70", "min": "51.01", "mean": "473.39", "std": "187.57"}, {"max": "1306.24", "min": "38.05", "mean": "503.05", "std": "224.00"}, {"max": "1286.44", "min": "73.19", "mean": "528.14", "std": "210.18"}, {"max": "1287.28", "min": "74.86", "mean": "491.84", "std": "205.33"}, {"max": "1378.58", "min": "-29.02", "mean": "547.30", "std": "211.08"}, {"max": "1334.86", "min": "47.11", "mean": "503.01", "std": "201.90"}, {"max": "1445.31", "min": "85.82", "mean": "591.40", "std": "227.80"}, {"max": "1426.12", "min": "98.59", "mean": "560.77", "std": "226.40"}, {"max": "1483.33", "min": "139.18", "mean": "604.57", "std": "220.33"}, {"max": "1242.93", "min": "27.24", "mean": "637.42", "std": "172.84"}, {"max": "1601.07", "min": "82.50", "mean": "733.82", "std": "244.37"}, {"max": "1594.36", "min": "141.12", "mean": "733.70", "std": "241.48"}, {"max": "1555.57", "min": "9.21", "mean": "842.81", "std": "228.42"}, {"max": "1688.25", "min": "150.20", "mean": "852.84", "std": "253.69"}], "info_stats": [{"max": "2.13", "min": "0.41", "mean": "1.16", "std": "0.20"}, {"max": "1.86", "min": "0.46", "mean": "1.00", "std": "0.14"}, {"max": "1.57", "min": "0.48", "mean": "1.01", "std": "0.13"}, {"max": "1.84", "min": "0.33", "mean": "0.91", "std": "0.19"}, {"max": "1.57", "min": "0.42", "mean": "0.94", "std": "0.15"}, {"max": "1.54", "min": "0.40", "mean": "0.94", "std": "0.16"}, {"max": "1.79", "min": "0.58", "mean": "1.14", "std": "0.11"}, {"max": "1.47", "min": "0.37", "mean": "0.89", "std": "0.16"}, {"max": "1.81", "min": "0.58", "mean": "1.30", "std": "0.12"}, {"max": "1.39", "min": "0.35", "mean": "0.84", "std": "0.15"}, {"max": "1.43", "min": "0.34", "mean": "0.87", "std": "0.15"}, {"max": "1.47", "min": "0.36", "mean": "0.87", "std": "0.15"}, {"max": "1.45", "min": "0.32", "mean": "0.87", "std": "0.15"}, {"max": "1.44", "min": "0.38", "mean": "0.89", "std": "0.15"}, {"max": "1.55", "min": "0.64", "mean": "1.05", "std": "0.10"}, {"max": "1.46", "min": "0.38", "mean": "0.88",