{"e_losses": [-37.808637939023974, -37.14282319132488, -36.16860038298369, -35.99604183116554, -36.217412788934176, -37.18698354983031, -36.0676366249919, -36.31413805299998, -36.65980977948353, -36.71010936712794, -37.116480458124485, -37.34458679069578, -37.67621119986563, -37.992108143945536, -38.32112759640342, -38.541879305374636, -38.80653442596254, -39.11437318504941, -39.40359163869983, -39.55990317134063, -39.85478539229154, -40.0692185158317, -40.245283465835776, -40.45695285603617, -40.5938372467674, -40.75551723390816, -41.015594595809134, -41.12517491625251, -41.24484773990602, -41.39649220003099, -41.53492240421773, -41.66887705745301, -41.855091389543325, -41.92912560158026, -42.02508746645389, -42.20466271716059, -42.30872719753952, -42.37622690043563, -42.49556402228046, -42.637796187790975, -42.66165897065268, -42.801651535897165, -42.86086504177588, -42.973583386113205, -42.923129698042956, -43.036913467739815, -43.1003664976265, -43.181886646614615, -43.24190893403538], "r_losses": [1.1050978998721924e-05, 3.766145682923631e-05, 0.0001342962843948336, 0.0018509794828043193, 0.001688263238412648, 0.0014559756947796247, 0.0245573072293211, 0.036616979347772326, 0.04196632687543753, 0.037394213988451955, 0.03932894620258206, 0.04310416164582966, 0.045382795230098534, 0.05274869984101843, 0.045486790649237545, 0.047757877160827016, 0.04552580877222463, 0.04572350069183053, 0.043353632079007116, 0.043772260274917506, 0.03905137517341762, 0.0383687326738067, 0.03610277185194664, 0.03984322339829563, 0.03750766953199919, 0.03757864880291748, 0.034333053286707466, 0.03489820893845172, 0.02922319430515663, 0.033534300702637715, 0.0341303612648734, 0.032824336605423, 0.029349431629812982, 0.030039924445842362, 0.026047117620622597, 0.02600551906177371, 0.027728262468552436, 0.02770960065945868, 0.026548649131641903, 0.02381220766833707, 0.02454514827331198, 0.024001472960094326, 0.024269522395014363, 0.022420721791671892, 0.02341287654230332, 0.02368548963147259, 0.022256492485313056, 0.021734154100713696, 0.02295907330525878], "rewards": [0.0, 2.0, 11.0, 0.0, 0.0, 559.0, 598.0, 980.0, 0.0, 982.0, 870.0, 979.0, 986.0, 975.0, 915.0, 851.0, 987.0, 987.0, 953.0, 975.0, 942.0, 954.0, 946.0, 958.0, 957.0, 956.0, 987.0, 954.0, 987.0, 915.0, 985.0, 987.0, 956.0, 987.0, 991.0, 955.0, 954.0, 985.0, 956.0, 956.0, 990.0, 985.0, 955.0, 808.0, 940.0, 988.0, 955.0, 988.0, 819.0], "steps": [250, 250, 250, 250, 250, 250, 250, 250, 250, 250, 250, 250, 250, 250, 250, 250, 250, 250, 250, 250, 250, 250, 250, 250, 250, 250, 250, 250, 250, 250, 250, 250, 250, 250, 250, 250, 250, 250, 250, 250, 250, 250, 250, 250, 250, 250, 250, 250, 250], "times": [22.620765209197998, 23.705071926116943, 24.802873373031616, 25.88379716873169, 27.029406547546387, 27.9534273147583, 29.025100469589233, 30.112523317337036, 31.197861671447754, 32.23877310752869, 33.189650774002075, 34.29281497001648, 35.364112854003906, 36.4749960899353, 37.499528884887695, 38.6606228351593, 39.849059104919434, 40.74141597747803, 41.75354886054993, 43.03177833557129, 44.042181730270386, 45.290053606033325, 46.27302432060242, 47.28276538848877, 48.202813386917114, 49.335973024368286, 50.41991066932678, 51.50339126586914, 52.562246322631836, 53.599332094192505, 54.914819955825806, 55.79166865348816, 56.76558184623718, 57.8165020942688, 58.98528695106506, 60.19376277923584, 61.19248676300049, 62.360310554504395, 63.391395568847656, 64.4244077205658, 65.58789944648743, 67.66681265830994, 67.61236333847046, 68.84993624687195, 69.7411584854126, 70.84713888168335, 71.80733871459961, 72.9036648273468, 74.21364641189575], "reward_stats": [{"max": "0.38", "min": "-0.11", "mean": "0.04", "std": "0.06"}, {"max": "0.16", "min": "-0.06", "mean": "0.02", "std": "0.02"}, {"max": "2.14", "min": "-0.08", "mean": "0.14", "std": "0.18"}, {"max": "3.04", "min": "-0.31", "mean": "0.24", "std": "0.26"}, {"max": "6.74", "min": "-0.06", "mean": "1.13", "std": "1.18"}, {"max": "2.38", "min": "-0.02", "mean": "0.06", "std": "0.12"}, {"max": "29.78", "min": "-0.55", "mean": "6.31", "std": "4.57"}, {"max": "26.81", "min": "-0.14", "mean": "8.66", "std": "4.70"}, {"max": "21.45", "min": "-0.51", "mean": "3.15", "std": "2.85"}, {"max": "20.21", "min": "-0.34", "mean": "5.45", "std": "3.21"}, {"max": "20.67", "min": "-0.73", "mean": "4.95", "std": "3.47"}, {"max": "25.26", "min": "-0.40", "mean": "6.32", "std": "3.96"}, {"max": "27.46", "min": "-0.41", "mean": "7.16", "std": "4.31"}, {"max": "35.58", "min": "-0.68", "mean": "9.20", "std": "5.89"}, {"max": "38.44", "min": "-1.24", "mean": "8.97", "std": "6.42"}, {"max": "38.52", "min": "-0.47", "mean": "8.50", "std": "6.19"}, {"max": "37.39", "min": "-0.46", "mean": "9.66", "std": "6.14"}, {"max": "34.47", "min": "-0.30", "mean": "8.64", "std": "5.65"}, {"max": "38.06", "min": "-0.36", "mean": "9.44", "std": "6.39"}, {"max": "38.46", "min": "-0.72", "mean": "9.77", "std": "6.54"}, {"max": "37.88", "min": "-0.42", "mean": "9.45", "std": "6.72"}, {"max": "42.41", "min": "-0.75", "mean": "10.66", "std": "7.02"}, {"max": "43.36", "min": "-0.99", "mean": "9.85", "std": "7.06"}, {"max": "42.62", "min": "-0.59", "mean": "10.19", "std": "6.89"}, {"max": "46.22", "min": "-0.69", "mean": "11.37", "std": "7.98"}, {"max": "43.10", "min": "-1.62", "mean": "11.54", "std": "7.75"}, {"max": "42.82", "min": "-0.26", "mean": "10.60", "std": "7.16"}, {"max": "46.66", "min": "-0.34", "mean": "11.10", "std": "7.77"}, {"max": "40.68", "min": "-0.22", "mean": "9.51", "std": "6.46"}, {"max": "44.92", "min": "-0.47", "mean": "11.44", "std": "8.02"}, {"max": "41.74", "min": "-0.24", "mean": "10.81", "std": "7.07"}, {"max": "42.97", "min": "-0.76", "mean": "11.21", "std": "7.23"}, {"max": "45.85", "min": "-0.94", "mean": "12.11", "std": "8.39"}, {"max": "44.16", "min": "-0.56", "mean": "11.89", "std": "7.69"}, {"max": "43.43", "min": "-0.09", "mean": "11.22", "std": "7.41"}, {"max": "43.67", "min": "-0.67", "mean": "11.09", "std": "7.83"}, {"max": "44.98", "min": "-1.04", "mean": "11.98", "std": "8.13"}, {"max": "44.55", "min": "-0.55", "mean": "11.11", "std": "7.48"}, {"max": "43.40", "min": "-0.46", "mean": "11.18", "std": "7.49"}, {"max": "44.88", "min": "-0.05", "mean": "11.23", "std": "7.43"}, {"max": "47.32", "min": "-0.20", "mean": "12.46", "std": "8.50"}, {"max": "44.80", "min": "-0.24", "mean": "12.68", "std": "7.96"}, {"max": "44.55", "min": "-0.77", "mean": "11.00", "std": "7.62"}, {"max": "46.73", "min": "-1.50", "mean": "10.88", "std": "8.76"}, {"max": "38.23", "min": "-1.75", "mean": "9.61", "std": "6.41"}, {"max": "40.13", "min": "-0.23", "mean": "11.40", "std": "6.77"}, {"max": "36.34", "min": "-1.39", "mean": "8.91", "std": "5.96"}, {"max": "39.01", "min": "-0.14", "mean": "9.43", "std": "5.98"}, {"max": "36.67", "min": "-1.11", "mean": "8.99", "std": "6.94"}], "info_stats": [{"max": "3.25", "min": "0.50", "mean": "1.70", "std": "0.31"}, {"max": "1.67", "min": "0.42", "mean": "0.99", "std": "0.21"}, {"max": "1.55", "min": "0.44", "mean": "0.91", "std": "0.16"}, {"max": "1.40", "min": "0.40", "mean": "0.77", "std": "0.12"}, {"max": "1.41", "min": "0.53", "mean": "0.97", "std": "0.10"}, {"max": "1.50", "min": "0.45", "mean": "0.88", "std": "0.13"}, {"max": "1.39", "min": "0.47", "mean": "0.83", "std": "0.11"}, {"max": "1.39", "min": "0.43", "mean": "0.79", "std": "0.10"}, {"max": "1.35", "min": "0.45", "mean": "0.79", "std": "0.10"}, {"max": "1.35", "min": "0.45", "mean": "0.83", "std": "0.10"}, {"max": "1.49", "min": "0.44", "mean": "0.83", "std": "0.11"}, {"max": "1.41", "min": "0.34", "mean": "0.81", "std": "0.12"}, {"max": "1.39", "min": "0.36", "mean": "0.81", "std": "0.13"}, {"max": "1.42", "min": "0.32", "mean": "0.80", "std": "0.15"}, {"max": "1.46", "min": "0.30", "mean": "0.79", "std": "0.15"}, {"max": "1.50", "min": "0.29", "mean": "0.82", "std": "0.16"}, {"max": "1.49", "min": "0.32", "mean": "0.82", "std": "0.15"}, {"max": "1.48", "min": "0.32", "mean": "0.83",