{"e_losses": [-80.05315037409467, -90.44967841148376, -98.45157835292815, -92.35244937610626, -93.35688107187097, -93.03513664505701, -94.16714804410937, -93.40178864916169, -95.8679583954811, -95.05853676355798, -96.74398611613688, -96.3373713811806, -97.14039672406514, -97.27888289785378, -97.59194840237498, -97.90615386847406, -98.30791647770829, -98.19740852650473, -99.55958957970141, -100.75152407997534, -100.73163636496196, -101.04466854035856, -101.06843009543417, -101.32753187610993, -101.33420237348194, -101.85359200984236, -102.06782569766047, -102.46319184598717, -102.7415473410358, -103.21651235123475, -103.0129234266281, -103.24278779544834, -103.9709762677193, -104.1530150708786, -103.82452386691018, -104.41133072914896, -104.62264179865515, -104.38776950525384, -104.5029620260852, -105.19205383253511, -105.50298459092777, -105.17444058720268, -105.85420954573544, -105.9177597062434, -106.26089056819677, -106.11364965684712, -106.6466832001281, -106.91628340056444, -106.80408770435001], "r_losses": [0.00020677920320546643, 0.00016397839881695606, 0.00015487321096418325, 0.0004277100299041196, 0.00033172792684953585, 0.00034140778976507143, 0.00044810776655746567, 0.0006201739885136705, 0.00022891871775965026, 0.0005221884902885693, 0.00048024145310072123, 0.0003983052626309863, 0.0003575879853967006, 0.0005013595071941384, 0.0006574308583549282, 0.00039737384997295066, 0.0007224732914351883, 0.00035808737214050346, 0.0003440043137106839, 0.0003024317823220421, 0.0004143303515827844, 0.0004280503030877296, 0.0003975636654549818, 0.00039680927099609425, 0.0003693760524869765, 0.000530160947708034, 0.00030233836736318727, 0.0003248367113179562, 0.0005872716885294167, 0.0004520292150239888, 0.0004916484224531815, 0.0004697074184026863, 0.00031648712774767773, 0.00030141282447332835, 0.0003497080073363506, 0.00029953101045571693, 0.00042572102452444, 0.0003832194820376704, 0.0003596107588912541, 0.00039381984730990264, 0.00029877518922179056, 0.0003432956020515122, 0.0003614844354829515, 0.00034321214663841866, 0.0003597553798294939, 0.0003622947338863014, 0.0004800135429506942, 0.00033824693515050575, 0.0002694006789244989], "rewards": [0, 0, 1.0, 1.0, 1.0, 1.0, 1.0, 1.0, 1.0, 1.0, 1.0, 1.0, 1.0, 1.0, 1.0, 1.0, 1.0, 1.0, 1.0, 1.0, 1.0, 1.0, 1.0, 1.0, 1.0, 1.0, 1.0, 1.0, 1.0, 1.0, 1.0, 1.0, 1.0, 1.0, 1.0, 1.0, 1.0, 1.0, 1.0, 1.0, 1.0, 1.0, 1.0, 1.0, 1.0, 1.0, 1.0, 1.0, 1.0], "steps": [167, 167, 32, 24, 24, 24, 24, 27, 23, 23, 32, 24, 24, 24, 31, 23, 31, 31, 31, 31, 31, 23, 24, 25, 31, 23, 23, 25, 24, 24, 31, 30, 23, 24, 24, 24, 24, 23, 31, 29, 30, 25, 24, 29, 23, 31, 32, 31, 23], "times": [23.148539066314697, 22.775410413742065, 6.999673843383789, 5.982192754745483, 6.278518438339233, 6.278968572616577, 6.545006513595581, 6.890020847320557, 6.709112167358398, 6.893926382064819, 8.337749242782593, 7.242572546005249, 7.491867780685425, 7.5327370166778564, 8.807458877563477, 7.660058498382568, 9.046788215637207, 8.981017112731934, 9.275648355484009, 9.480557680130005, 9.49597954750061, 8.765691757202148, 8.874544143676758, 9.372328519821167, 10.121453046798706, 9.352562665939331, 9.394812107086182, 10.140205144882202, 9.884475708007812, 10.276116609573364, 11.314228057861328, 11.331899404525757, 10.430100679397583, 10.897216558456421, 10.89388132095337, 10.952465772628784, 10.975801944732666, 11.098358631134033, 12.140130996704102, 12.103353500366211, 13.035889387130737, 12.597320795059204, 12.668331861495972, 13.27627444267273, 12.836578607559204, 14.097540855407715, 14.55012845993042, 13.936051368713379, 13.59591007232666], "reward_stats": [{"max": "-0.89", "min": "-1.11", "mean": "-0.98", "std": "0.03"}, {"max": "2.60", "min": "2.41", "mean": "2.57", "std": "0.02"}, {"max": "4.93", "min": "-1.03", "mean": "0.98", "std": "1.26"}, {"max": "5838.07", "min": "-6.14", "mean": "793.52", "std": "1395.05"}, {"max": "4064.42", "min": "2.61", "mean": "582.20", "std": "992.57"}, {"max": "1491.95", "min": "-2.54", "mean": "200.77", "std": "348.36"}, {"max": "2333.77", "min": "-4.22", "mean": "329.66", "std": "558.66"}, {"max": "1768.54", "min": "-5.41", "mean": "220.63", "std": "407.05"}, {"max": "1107.13", "min": "2.55", "mean": "167.96", "std": "263.97"}, {"max": "1291.93", "min": "-1.75", "mean": "207.42", "std": "322.45"}, {"max": "1670.88", "min": "-2.32", "mean": "206.72", "std": "380.38"}, {"max": "782.16", "min": "3.39", "mean": "131.74", "std": "193.34"}, {"max": "437.15", "min": "0.92", "mean": "68.16", "std": "105.70"}, {"max": "500.51", "min": "-2.29", "mean": "92.78", "std": "129.85"}, {"max": "509.75", "min": "-4.65", "mean": "72.80", "std": "123.12"}, {"max": "313.25", "min": "0.11", "mean": "61.83", "std": "80.93"}, {"max": "430.60", "min": "-5.69", "mean": "57.20", "std": "101.55"}, {"max": "418.11", "min": "2.16", "mean": "65.98", "std": "100.16"}, {"max": "281.96", "min": "-0.52", "mean": "46.92", "std": "69.47"}, {"max": "339.97", "min": "1.19", "mean": "54.71", "std": "81.10"}, {"max": "200.35", "min": "-0.12", "mean": "36.98", "std": "50.53"}, {"max": "225.56", "min": "1.28", "mean": "51.09", "std": "59.70"}, {"max": "193.55", "min": "-0.89", "mean": "40.91", "std": "50.98"}, {"max": "174.85", "min": "0.23", "mean": "38.14", "std": "45.23"}, {"max": "244.48", "min": "1.88", "mean": "45.83", "std": "61.02"}, {"max": "222.74", "min": "-3.78", "mean": "50.40", "std": "59.22"}, {"max": "133.53", "min": "3.55", "mean": "37.04", "std": "34.20"}, {"max": "182.65", "min": "-0.31", "mean": "39.38", "std": "46.74"}, {"max": "175.03", "min": "-2.92", "mean": "38.45", "std": "46.64"}, {"max": "152.42", "min": "-3.06", "mean": "34.83", "std": "40.44"}, {"max": "321.78", "min": "-3.95", "mean": "53.72", "std": "79.46"}, {"max": "87.77", "min": "-3.12", "mean": "20.82", "std": "24.72"}, {"max": "92.26", "min": "0.21", "mean": "27.20", "std": "24.43"}, {"max": "101.80", "min": "3.54", "mean": "28.57", "std": "25.67"}, {"max": "119.81", "min": "3.83", "mean": "28.40", "std": "28.04"}, {"max": "79.79", "min": "4.49", "mean": "25.30", "std": "20.11"}, {"max": "150.33", "min": "-1.04", "mean": "38.46", "std": "38.58"}, {"max": "88.12", "min": "0.87", "mean": "27.10", "std": "23.25"}, {"max": "106.61", "min": "-1.35", "mean": "25.96", "std": "28.35"}, {"max": "93.87", "min": "-1.33", "mean": "24.11", "std": "25.04"}, {"max": "45.86", "min": "2.25", "mean": "17.95", "std": "13.11"}, {"max": "73.40", "min": "0.73", "mean": "23.02", "std": "19.94"}, {"max": "49.60", "min": "2.46", "mean": "19.23", "std": "14.36"}, {"max": "45.59", "min": "-2.07", "mean": "15.68", "std": "14.32"}, {"max": "61.23", "min": "0.18", "mean": "23.01", "std": "16.11"}, {"max": "59.35", "min": "-1.85", "mean": "17.54", "std": "16.56"}, {"max": "74.55", "min": "-3.20", "mean": "18.12", "std": "20.54"}, {"max": "44.18", "min": "-2.74", "mean": "14.40", "std": "13.27"}, {"max": "41.84", "min": "0.68", "mean": "18.89", "std": "11.99"}], "info_stats": [{}, {}, {}, {}, {}, {}, {}, {}, {}, {}, {}, {}, {}, {}, {}, {}, {}, {}, {}, {}, {}, {}, {}, {}, {}, {}, {}, {}, {}, {}, {}, {}, {}, {}, {}, {}, {}, {}, {}, {}, {}, {}, {}, {}, {}, {}, {}, {}, {}], "coverage": []}