{"e_losses": [-35.26852885196209, -35.376950630704556, -35.591918758426395, -36.17973720401525, -36.78267490604186, -37.25673675358294, -37.61687611983852, -37.87781112254162, -37.86619033332971, -37.408314290949285, -37.689645799193784, -37.84812925460561, -37.95463431988042, -37.9911479050186, -37.99044702956393, -37.97106440702677, -37.89437894371577, -37.85882607402043, -37.97051492646466, -38.30504202063878, -38.22494990952492, -38.295943925642035, -38.507016725950784, -38.69316527681692, -38.89958698233242, -39.0579852624178, -39.28105108388009, -39.36098568803072, -39.5470424808011, -39.71659842399638, -39.7598520084824, -39.9599488119152, -40.1437702806576, -40.26212145480827, -40.354951285298064, -40.3871207063213, -40.64056260602939, -40.76973570219106, -40.8570123121683, -40.946500641340556, -41.07259357034631, -41.23848083758873, -41.28106410931018, -41.4501401299586, -41.45839690328131, -41.61824568968534, -41.712186150476036, -41.82515305674647, -41.87987271677323], "r_losses": [0.03684637877987262, 0.03952443800317027, 0.05256598061527306, 0.0712169010464277, 0.05475654290907551, 0.05107413215869454, 0.05177276077487938, 0.04960823691560166, 0.04763554532279466, 0.04758799239493758, 0.04600017160051504, 0.04505533610997097, 0.05402799395253362, 0.05306622566582516, 0.05738796638648671, 0.07356462827885987, 0.07234377569395917, 0.07392817607385486, 0.07984479414788079, 0.07279853636658902, 0.07490836762808264, 0.071094220221177, 0.07088286582734953, 0.07307412621156875, 0.06696873787860383, 0.07410785454719644, 0.07056333526375613, 0.0665311508889863, 0.06991884767805985, 0.05570026665026158, 0.06128635355686504, 0.05992496960608855, 0.06201858856831048, 0.060161840746840944, 0.05288492227884801, 0.05878417121560199, 0.0554370002657255, 0.04991565127762788, 0.04812688622710315, 0.047568626558148856, 0.0484378781092146, 0.04375543303902603, 0.04463329916585611, 0.04765198000814176, 0.04321169276045857, 0.0415679519276181, 0.041523100137244924, 0.04153182698367612, 0.04574955393348052], "rewards": [174.0, 927.0, 986.0, 979.0, 993.0, 0.0, 0.0, 0.0, 3.0, 440.0, 863.0, 709.0, 909.0, 945.0, 595.0, 250.0, 626.0, 430.0, 0.0, 0.0, 807.0, 957.0, 834.0, 962.0, 848.0, 946.0, 742.0, 995.0, 988.0, 952.0, 925.0, 962.0, 955.0, 990.0, 856.0, 990.0, 995.0, 922.0, 924.0, 989.0, 990.0, 958.0, 838.0, 955.0, 874.0, 940.0, 957.0, 997.0, 990.0], "steps": [250, 250, 250, 250, 250, 250, 250, 250, 250, 250, 250, 250, 250, 250, 250, 250, 250, 250, 250, 250, 250, 250, 250, 250, 250, 250, 250, 250, 250, 250, 250, 250, 250, 250, 250, 250, 250, 250, 250, 250, 250, 250, 250, 250, 250, 250, 250, 250, 250], "times": [24.39858651161194, 23.887800693511963, 24.93692421913147, 26.010156393051147, 27.131935358047485, 28.261119604110718, 29.317872762680054, 30.460265159606934, 31.46414041519165, 32.58647084236145, 33.598082304000854, 34.65978956222534, 35.683342933654785, 36.7941837310791, 37.890886545181274, 39.18890905380249, 40.74091291427612, 42.251039266586304, 42.29600524902344, 43.29115056991577, 44.49086260795593, 45.24505424499512, 46.827794551849365, 47.60828638076782, 49.812116622924805, 50.853487968444824, 51.53216743469238, 52.848124742507935, 54.815346479415894, 56.14206838607788, 55.952144622802734, 58.878577709198, 59.08375430107117, 61.05311584472656, 63.9680700302124, 62.54607915878296, 63.64728760719299, 64.71293783187866, 66.51014471054077, 67.04515862464905, 68.34234714508057, 69.41723823547363, 70.24777889251709, 71.51864242553711, 74.23862767219543, 73.3289475440979, 74.78292322158813, 75.957937002182, 77.9862003326416], "reward_stats": [{"max": "75.74", "min": "-1.19", "mean": "17.13", "std": "12.03"}, {"max": "54.81", "min": "-0.51", "mean": "13.99", "std": "10.87"}, {"max": "51.14", "min": "-0.14", "mean": "14.78", "std": "10.87"}, {"max": "47.13", "min": "-2.30", "mean": "15.43", "std": "9.97"}, {"max": "49.38", "min": "-4.43", "mean": "16.40", "std": "11.59"}, {"max": "59.45", "min": "-0.93", "mean": "12.62", "std": "12.52"}, {"max": "23.73", "min": "-2.00", "mean": "5.33", "std": "4.15"}, {"max": "42.64", "min": "-1.91", "mean": "4.52", "std": "4.35"}, {"max": "40.06", "min": "-3.32", "mean": "3.02", "std": "3.17"}, {"max": "35.49", "min": "-3.18", "mean": "5.85", "std": "5.94"}, {"max": "34.40", "min": "-1.55", "mean": "6.00", "std": "4.73"}, {"max": "14.19", "min": "-1.86", "mean": "1.84", "std": "1.65"}, {"max": "25.25", "min": "-1.70", "mean": "4.56", "std": "3.36"}, {"max": "25.54", "min": "-1.88", "mean": "4.25", "std": "3.53"}, {"max": "31.42", "min": "-2.42", "mean": "6.62", "std": "4.89"}, {"max": "26.76", "min": "-3.75", "mean": "2.99", "std": "3.62"}, {"max": "23.03", "min": "-1.96", "mean": "4.72", "std": "3.57"}, {"max": "31.80", "min": "-2.99", "mean": "4.69", "std": "4.44"}, {"max": "16.15", "min": "-2.70", "mean": "1.48", "std": "1.76"}, {"max": "19.12", "min": "-2.72", "mean": "1.37", "std": "1.87"}, {"max": "23.48", "min": "-2.32", "mean": "5.07", "std": "3.31"}, {"max": "26.99", "min": "-2.26", "mean": "6.91", "std": "4.12"}, {"max": "28.21", "min": "-2.11", "mean": "5.98", "std": "4.44"}, {"max": "27.41", "min": "-1.12", "mean": "6.47", "std": "3.86"}, {"max": "28.27", "min": "-2.98", "mean": "6.59", "std": "4.50"}, {"max": "25.89", "min": "-3.14", "mean": "6.09", "std": "3.87"}, {"max": "30.72", "min": "-3.44", "mean": "6.13", "std": "4.78"}, {"max": "32.63", "min": "-1.48", "mean": "8.88", "std": "5.28"}, {"max": "30.53", "min": "-2.00", "mean": "7.76", "std": "4.64"}, {"max": "35.23", "min": "-2.75", "mean": "10.87", "std": "6.45"}, {"max": "36.47", "min": "-1.64", "mean": "9.08", "std": "6.11"}, {"max": "30.55", "min": "-1.46", "mean": "8.15", "std": "4.74"}, {"max": "33.46", "min": "-2.70", "mean": "8.39", "std": "5.38"}, {"max": "32.28", "min": "-2.28", "mean": "8.72", "std": "5.42"}, {"max": "35.41", "min": "-3.25", "mean": "8.18", "std": "6.15"}, {"max": "31.91", "min": "-2.24", "mean": "8.28", "std": "5.36"}, {"max": "35.11", "min": "-0.89", "mean": "9.47", "std": "5.61"}, {"max": "38.20", "min": "-2.96", "mean": "9.16", "std": "6.52"}, {"max": "38.22", "min": "-1.91", "mean": "10.28", "std": "6.99"}, {"max": "36.49", "min": "-1.74", "mean": "9.83", "std": "6.15"}, {"max": "36.20", "min": "-1.72", "mean": "9.37", "std": "5.85"}, {"max": "40.36", "min": "-2.33", "mean": "10.86", "std": "6.88"}, {"max": "35.98", "min": "-2.26", "mean": "8.41", "std": "6.44"}, {"max": "38.77", "min": "-4.73", "mean": "10.66", "std": "6.99"}, {"max": "35.81", "min": "-4.18", "mean": "9.23", "std": "6.42"}, {"max": "41.14", "min": "-1.95", "mean": "12.67", "std": "7.63"}, {"max": "38.22", "min": "-1.64", "mean": "10.27", "std": "6.57"}, {"max": "41.20", "min": "-1.71", "mean": "11.77", "std": "6.92"}, {"max": "41.32", "min": "-1.90", "mean": "11.67", "std": "7.20"}], "info_stats": [{"max": "2.16", "min": "0.54", "mean": "1.32", "std": "0.17"}, {"max": "1.43", "min": "0.29", "mean": "0.79", "std": "0.16"}, {"max": "1.41", "min": "0.27", "mean": "0.77", "std": "0.20"}, {"max": "1.43", "min": "0.26", "mean": "0.77", "std": "0.21"}, {"max": "1.50", "min": "0.29", "mean": "0.80", "std": "0.21"}, {"max": "1.39", "min": "0.41", "mean": "0.82", "std": "0.14"}, {"max": "1.75", "min": "0.61", "mean": "1.09", "std": "0.12"}, {"max": "1.50", "min": "0.38", "mean": "0.90", "std": "0.12"}, {"max": "1.63", "min": "0.45", "mean": "0.94", "std": "0.12"}, {"max": "1.63", "min": "0.39", "mean": "0.97", "std": "0.18"}, {"max": "1.45", "min": "0.40", "mean": "0.88", "std": "0.14"}, {"max": "1.46", "min": "0.58", "mean": "1.00", "std": "0.10"}, {"max": "1.46", "min": "0.56", "mean": "0.96", "std": "0.10"}, {"max": "1.50", "min": "0.40", "mean": "0.97", "std": "0.12"}, {"max": "1.47", "min": "0.41", "mean": "0.93", "std": "0.13"}, {"max": "1.45", "min": "0.42", "mean": "0.91", "std": "0.11"}, {"max": "1.55", "min": "0.42", "mean": "0.94", "std": "0.12"}, {"max": "1.46", "min": "0.38", "mean": "0.92", "std": "0.12"}, {"max": "1.33", "min": "0.39",