{"e_losses": [-37.42120461668969, -34.638031039983034, -35.22936853565489, -36.730892596259714, -35.84506257185009, -36.273608397483834, -36.0163002411696, -36.079763701697196, -36.60036048216085, -36.34807618275711, -36.900271550258005, -37.14417275756597, -37.754341283082965, -38.0667022298442, -38.457708339753914, -38.75494053019285, -39.083312718510626, -39.37690360069274, -39.59374952333906, -39.81750527999302, -40.01520756967545, -40.27358720359894, -40.52238806071104, -40.62594686029639, -40.795628833187045, -40.9575852158308, -41.13119982963222, -41.28103630957006, -41.42533994310553, -41.59103738013085, -41.74445512854712, -41.83690094602107, -41.9773154120284, -42.15831243873114, -42.23677032719515, -42.34747617519795, -42.456756014201694, -42.54660014580829, -42.645884080403086, -42.7054064971317, -42.79323129415246, -42.87307540677681, -43.029764197778185, -43.112744449262806, -43.153264543285175, -43.20225735570313, -43.28984359080184, -43.360586298309826, -43.45144908664809], "r_losses": [9.976394252280446e-05, 3.351339311116894e-05, 0.011405351102668125, 0.008902644026693454, 0.22095337001855164, 0.5471796523854136, 0.7597544933936815, 1.3290215062648056, 1.9905216315136511, 2.1524665568534815, 3.2299667469441893, 3.9886736984569557, 4.641333643552134, 5.251954760101105, 6.431895840011148, 7.447099154196681, 8.890494798136608, 9.40282011750882, 10.014788691765588, 11.601161855286612, 12.53984510100246, 13.717982907962345, 14.894807264188925, 16.34618943748943, 18.250595758145224, 19.394945127924288, 20.08678335897096, 22.031782661374656, 23.54425488009416, 24.860520806985743, 26.16558667126979, 27.46353824562662, 28.783433240715716, 29.940708222261392, 32.246301452453324, 33.07767051821573, 35.704210081037225, 37.70853811219548, 38.273722074083814, 41.40273618874023, 41.675985196939436, 42.51404064020386, 44.98341123179807, 46.64599313933962, 47.655606653454946, 49.272631822047835, 51.01378381573802, 52.250664714343266, 54.67166792072381], "rewards": [0.0, 30.0, 0.0, 307.0, 983.0, 0.0, 913.0, 982.0, 0.0, 985.0, 952.0, 987.0, 985.0, 987.0, 946.0, 987.0, 988.0, 944.0, 909.0, 952.0, 950.0, 956.0, 865.0, 930.0, 932.0, 928.0, 987.0, 957.0, 986.0, 946.0, 987.0, 986.0, 931.0, 987.0, 989.0, 933.0, 952.0, 987.0, 903.0, 925.0, 990.0, 987.0, 932.0, 959.0, 928.0, 986.0, 957.0, 986.0, 958.0], "steps": [250, 250, 250, 250, 250, 250, 250, 250, 250, 250, 250, 250, 250, 250, 250, 250, 250, 250, 250, 250, 250, 250, 250, 250, 250, 250, 250, 250, 250, 250, 250, 250, 250, 250, 250, 250, 250, 250, 250, 250, 250, 250, 250, 250, 250, 250, 250, 250, 250], "times": [23.828479290008545, 25.222089052200317, 26.596195220947266, 27.973262071609497, 29.54226326942444, 30.953582048416138, 32.256974935531616, 33.642045974731445, 35.09302353858948, 36.46398043632507, 37.908798933029175, 39.26590824127197, 40.70380234718323, 42.19687247276306, 43.63005757331848, 45.00336766242981, 46.55077409744263, 47.808350801467896, 49.28079032897949, 50.51237344741821, 52.197022914886475, 53.676753282547, 54.81152820587158, 56.35143685340881, 57.707064151763916, 59.347097873687744, 60.773624658584595, 62.1601779460907, 63.61680507659912, 64.94876289367676, 66.21063923835754, 67.73131322860718, 69.3394546508789, 70.59268116950989, 72.15276026725769, 73.3859875202179, 74.95849418640137, 76.43731379508972, 77.94993424415588, 79.18344521522522, 80.35425472259521, 81.5748450756073, 83.39676928520203, 84.9493362903595, 86.37615370750427, 87.57167935371399, 89.19914984703064, 90.29910016059875, 92.04077506065369], "reward_stats": [{"max": "-0.22", "min": "-2.58", "mean": "-0.59", "std": "0.08"}, {"max": "-0.31", "min": "-0.76", "mean": "-0.60", "std": "0.04"}, {"max": "80.85", "min": "-1.64", "mean": "20.42", "std": "14.02"}, {"max": "59.04", "min": "-0.93", "mean": "7.91", "std": "9.34"}, {"max": "169.22", "min": "0.21", "mean": "52.63", "std": "23.32"}, {"max": "275.24", "min": "-0.92", "mean": "39.33", "std": "36.35"}, {"max": "132.55", "min": "-1.98", "mean": "30.40", "std": "15.05"}, {"max": "360.88", "min": "4.36", "mean": "111.42", "std": "50.04"}, {"max": "477.31", "min": "-0.19", "mean": "80.61", "std": "76.14"}, {"max": "307.69", "min": "1.38", "mean": "114.56", "std": "48.66"}, {"max": "339.03", "min": "5.44", "mean": "127.22", "std": "55.97"}, {"max": "425.97", "min": "3.45", "mean": "153.41", "std": "66.50"}, {"max": "429.18", "min": "0.59", "mean": "159.54", "std": "70.08"}, {"max": "546.61", "min": "2.42", "mean": "197.58", "std": "89.60"}, {"max": "595.21", "min": "3.86", "mean": "219.04", "std": "102.16"}, {"max": "600.79", "min": "11.51", "mean": "231.42", "std": "100.19"}, {"max": "649.66", "min": "4.47", "mean": "250.37", "std": "112.23"}, {"max": "715.22", "min": "9.79", "mean": "259.78", "std": "118.91"}, {"max": "746.68", "min": "1.32", "mean": "271.45", "std": "134.59"}, {"max": "812.84", "min": "8.62", "mean": "295.10", "std": "131.62"}, {"max": "818.53", "min": "15.63", "mean": "303.99", "std": "130.11"}, {"max": "888.50", "min": "20.31", "mean": "345.69", "std": "146.16"}, {"max": "929.83", "min": "20.38", "mean": "335.04", "std": "159.99"}, {"max": "896.84", "min": "5.74", "mean": "347.39", "std": "150.08"}, {"max": "939.58", "min": "18.55", "mean": "354.48", "std": "144.82"}, {"max": "1009.82", "min": "23.85", "mean": "385.32", "std": "163.82"}, {"max": "1053.32", "min": "20.59", "mean": "422.74", "std": "163.78"}, {"max": "1001.63", "min": "33.39", "mean": "408.83", "std": "160.19"}, {"max": "1108.76", "min": "39.09", "mean": "469.62", "std": "176.53"}, {"max": "1095.93", "min": "31.06", "mean": "457.46", "std": "175.76"}, {"max": "1147.53", "min": "45.34", "mean": "489.31", "std": "183.28"}, {"max": "1233.17", "min": "58.25", "mean": "505.82", "std": "193.69"}, {"max": "1216.74", "min": "48.32", "mean": "513.22", "std": "191.21"}, {"max": "1255.99", "min": "36.13", "mean": "521.66", "std": "197.28"}, {"max": "1262.33", "min": "53.32", "mean": "549.48", "std": "206.75"}, {"max": "1360.62", "min": "43.70", "mean": "583.99", "std": "208.61"}, {"max": "1293.26", "min": "60.39", "mean": "552.89", "std": "195.09"}, {"max": "1403.69", "min": "81.28", "mean": "610.89", "std": "209.10"}, {"max": "1406.52", "min": "78.10", "mean": "636.80", "std": "221.94"}, {"max": "1416.95", "min": "41.24", "mean": "639.69", "std": "232.04"}, {"max": "1405.51", "min": "117.06", "mean": "650.71", "std": "208.65"}, {"max": "1494.73", "min": "101.32", "mean": "677.37", "std": "226.32"}, {"max": "1497.72", "min": "91.60", "mean": "698.04", "std": "234.24"}, {"max": "1497.26", "min": "105.28", "mean": "703.88", "std": "227.07"}, {"max": "1577.80", "min": "115.43", "mean": "716.34", "std": "234.19"}, {"max": "1584.61", "min": "145.85", "mean": "742.64", "std": "228.56"}, {"max": "1628.43", "min": "143.46", "mean": "788.10", "std": "242.52"}, {"max": "1583.01", "min": "152.33", "mean": "788.68", "std": "231.34"}, {"max": "1681.75", "min": "153.73", "mean": "833.61", "std": "245.86"}], "info_stats": [{"max": "3.20", "min": "0.38", "mean": "1.06", "std": "0.33"}, {"max": "1.80", "min": "0.56", "mean": "1.26", "std": "0.14"}, {"max": "1.44", "min": "0.55", "mean": "1.04", "std": "0.10"}, {"max": "1.33", "min": "0.45", "mean": "0.82", "std": "0.09"}, {"max": "1.36", "min": "0.56", "mean": "0.92", "std": "0.09"}, {"max": "1.39", "min": "0.39", "mean": "0.81", "std": "0.12"}, {"max": "1.45", "min": "0.50", "mean": "0.89", "std": "0.10"}, {"max": "1.38", "min": "0.43", "mean": "0.82", "std": "0.09"}, {"max": "1.41", "min": "0.36", "mean": "0.84", "std": "0.12"}, {"max": "1.38", "min": "0.37", "mean": "0.83", "std": "0.11"}, {"max": "1.43", "min": "0.37", "mean": "0.81", "std": "0.14"}, {"max": "1.42", "min": "0.31", "mean": "0.80", "std": "0.14"}, {"max": "1.47", "min": "0.31", "mean": "0.81", "std": "0.15"}, {"max": "1.48", "min": "0.29", "mean": "0.80", "std": "0.16"}, {"max": "1.47", "min": "0.30", "mean": "0.81", "std": "0.17"}, {"max": "1.47", "min": "0.28", "mean": "0.80",