{"e_losses": [-35.766673253476604, -35.95012187131246, -34.96282953805583, -34.8034358970225, -35.094054424206405, -35.11019064793587, -34.91142528295515, -35.09818880812327, -35.555469422111145, -35.634686528887066, -35.917289603328705, -36.34799622525089, -36.585192116772426, -36.63057425016829, -37.13692432598693, -37.56288497757314, -37.799507191629644, -38.15669498913939, -38.442382546611455, -38.53831556465229, -38.789777754774086, -38.930543587629614, -39.264885911049674, -39.42276447482619, -39.65006148410666, -39.848152343765896, -40.00727198045098, -40.095084045618776, -40.27998107402973, -40.45197113461005, -40.61801990197046, -40.68084523004295, -40.864939333206884, -41.01502681846997, -41.111393639585884, -41.25391886221171, -41.31929404703291, -41.403419283049445, -41.57685541823298, -41.66696134524724, -41.81502786686817, -41.926890038080856, -42.02976795920157, -42.08461298357448, -42.2074619804207, -42.28246724781515, -42.34912525228427, -42.40377479690771, -42.471453761640596], "r_losses": [0.004457578137618135, 0.003850583511954787, 0.037634066926681295, 0.027495453079240176, 0.030151811640064502, 0.05683951911332554, 0.041243060933129676, 0.07535426046066764, 0.07934984832668966, 0.07992177883419205, 0.09017551697989303, 0.08654034739261265, 0.08682559578194668, 0.08978674279926865, 0.0888802332556316, 0.09057245992647943, 0.08405686359770502, 0.08544059122004542, 0.07482017481744126, 0.07650085217841363, 0.07285421382734553, 0.07342267424546972, 0.06577015808116023, 0.06057760714214032, 0.058206983183145294, 0.055020012727069315, 0.06072249722327552, 0.0624220066412454, 0.05323325920905069, 0.05444818212946548, 0.054753244543315045, 0.055684408353816287, 0.052513409192667594, 0.047197467694521614, 0.052913901601792705, 0.0466961422247288, 0.048274335171805884, 0.04548599407720721, 0.04563921226020688, 0.04320358742434872, 0.040249199871576595, 0.036818424628004845, 0.039994097292802205, 0.03961582295016704, 0.03522810937368134, 0.035947716759699405, 0.033897060533497024, 0.03796363634926428, 0.034762417811375415], "rewards": [0.0, 354.0, 0.0, 0.0, 356.0, 0.0, 912.0, 905.0, 224.0, 660.0, 909.0, 453.0, 0.0, 924.0, 959.0, 918.0, 995.0, 910.0, 2.0, 955.0, 789.0, 979.0, 953.0, 992.0, 876.0, 958.0, 825.0, 958.0, 945.0, 948.0, 959.0, 946.0, 958.0, 939.0, 954.0, 990.0, 996.0, 996.0, 957.0, 997.0, 956.0, 958.0, 920.0, 991.0, 996.0, 960.0, 735.0, 990.0, 989.0], "steps": [250, 250, 250, 250, 250, 250, 250, 250, 250, 250, 250, 250, 250, 250, 250, 250, 250, 250, 250, 250, 250, 250, 250, 250, 250, 250, 250, 250, 250, 250, 250, 250, 250, 250, 250, 250, 250, 250, 250, 250, 250, 250, 250, 250, 250, 250, 250, 250, 250], "times": [22.66171622276306, 23.667872428894043, 24.71135973930359, 25.8083176612854, 26.900707483291626, 27.869221687316895, 29.00057816505432, 30.117435693740845, 31.25859236717224, 32.238694190979004, 33.20996141433716, 34.35664677619934, 35.475728273391724, 36.54474949836731, 37.601579666137695, 38.636430978775024, 39.77310609817505, 40.76987028121948, 41.79613423347473, 42.858952045440674, 44.06124997138977, 45.14979147911072, 46.202789545059204, 47.28799390792847, 48.281874895095825, 49.38350200653076, 50.46015453338623, 51.52390670776367, 52.62792086601257, 53.68306231498718, 54.76040816307068, 55.969372510910034, 56.96874189376831, 57.91352868080139, 59.03729867935181, 60.257500886917114, 61.283169746398926, 62.28193473815918, 63.41824507713318, 64.53500366210938, 65.64008283615112, 66.64372682571411, 67.64780116081238, 68.60497546195984, 69.82419228553772, 70.79867339134216, 71.92549014091492, 72.98464393615723, 74.37091875076294], "reward_stats": [{"max": "26.41", "min": "-2.27", "mean": "6.05", "std": "4.46"}, {"max": "12.44", "min": "-0.76", "mean": "2.08", "std": "1.95"}, {"max": "37.22", "min": "-1.81", "mean": "7.09", "std": "6.05"}, {"max": "16.93", "min": "-0.62", "mean": "1.53", "std": "1.48"}, {"max": "10.70", "min": "-1.41", "mean": "1.95", "std": "1.47"}, {"max": "11.82", "min": "-1.97", "mean": "0.99", "std": "1.17"}, {"max": "9.54", "min": "-0.67", "mean": "1.52", "std": "1.28"}, {"max": "18.43", "min": "-3.64", "mean": "3.01", "std": "2.38"}, {"max": "18.55", "min": "-3.31", "mean": "1.49", "std": "2.00"}, {"max": "19.40", "min": "-3.70", "mean": "2.84", "std": "2.50"}, {"max": "19.95", "min": "-2.07", "mean": "3.61", "std": "2.82"}, {"max": "21.09", "min": "-3.15", "mean": "2.50", "std": "2.98"}, {"max": "16.25", "min": "-3.94", "mean": "0.92", "std": "1.55"}, {"max": "19.44", "min": "-3.09", "mean": "3.96", "std": "3.10"}, {"max": "22.61", "min": "-1.98", "mean": "4.62", "std": "3.14"}, {"max": "20.80", "min": "-2.58", "mean": "4.17", "std": "3.05"}, {"max": "24.65", "min": "-2.06", "mean": "5.31", "std": "3.59"}, {"max": "23.63", "min": "-2.33", "mean": "5.79", "std": "3.91"}, {"max": "18.48", "min": "-3.57", "mean": "1.10", "std": "1.48"}, {"max": "26.99", "min": "-1.85", "mean": "5.21", "std": "3.80"}, {"max": "28.71", "min": "-3.14", "mean": "5.21", "std": "4.71"}, {"max": "24.57", "min": "-2.74", "mean": "5.77", "std": "4.00"}, {"max": "33.60", "min": "-3.64", "mean": "8.20", "std": "5.42"}, {"max": "32.10", "min": "-1.55", "mean": "8.15", "std": "5.15"}, {"max": "33.03", "min": "-2.58", "mean": "7.98", "std": "5.67"}, {"max": "32.44", "min": "-2.02", "mean": "9.48", "std": "5.54"}, {"max": "25.94", "min": "-3.82", "mean": "4.73", "std": "3.87"}, {"max": "32.85", "min": "-1.97", "mean": "8.56", "std": "5.43"}, {"max": "29.81", "min": "-1.71", "mean": "6.46", "std": "4.43"}, {"max": "33.92", "min": "-2.78", "mean": "8.73", "std": "6.17"}, {"max": "32.02", "min": "-2.65", "mean": "7.77", "std": "5.30"}, {"max": "28.49", "min": "-2.28", "mean": "6.04", "std": "4.62"}, {"max": "35.23", "min": "-2.24", "mean": "9.47", "std": "6.23"}, {"max": "29.36", "min": "-2.67", "mean": "6.91", "std": "5.02"}, {"max": "33.32", "min": "-3.45", "mean": "7.61", "std": "5.49"}, {"max": "33.31", "min": "-2.13", "mean": "8.87", "std": "5.47"}, {"max": "30.50", "min": "-3.75", "mean": "8.29", "std": "5.01"}, {"max": "38.37", "min": "-0.36", "mean": "9.81", "std": "5.96"}, {"max": "35.30", "min": "-4.75", "mean": "9.60", "std": "6.65"}, {"max": "33.28", "min": "-1.65", "mean": "9.26", "std": "5.39"}, {"max": "35.65", "min": "-1.20", "mean": "8.85", "std": "5.89"}, {"max": "30.20", "min": "-2.10", "mean": "8.37", "std": "5.17"}, {"max": "36.76", "min": "-2.74", "mean": "8.64", "std": "6.16"}, {"max": "40.09", "min": "-1.27", "mean": "10.18", "std": "6.58"}, {"max": "39.31", "min": "-0.49", "mean": "11.15", "std": "6.52"}, {"max": "38.45", "min": "-1.72", "mean": "10.60", "std": "6.48"}, {"max": "41.38", "min": "-4.54", "mean": "7.58", "std": "7.05"}, {"max": "33.70", "min": "-1.09", "mean": "8.89", "std": "5.64"}, {"max": "39.37", "min": "-1.67", "mean": "10.06", "std": "6.43"}], "info_stats": [{"max": "2.13", "min": "0.51", "mean": "1.31", "std": "0.17"}, {"max": "1.58", "min": "0.47", "mean": "0.96", "std": "0.11"}, {"max": "1.48", "min": "0.40", "mean": "0.84", "std": "0.12"}, {"max": "1.47", "min": "0.42", "mean": "0.85", "std": "0.13"}, {"max": "1.61", "min": "0.54", "mean": "1.06", "std": "0.12"}, {"max": "1.81", "min": "0.45", "mean": "0.93", "std": "0.13"}, {"max": "1.53", "min": "0.56", "mean": "1.03", "std": "0.12"}, {"max": "1.56", "min": "0.46", "mean": "0.95", "std": "0.12"}, {"max": "1.53", "min": "0.48", "mean": "0.94", "std": "0.13"}, {"max": "1.50", "min": "0.41", "mean": "0.94", "std": "0.12"}, {"max": "1.51", "min": "0.48", "mean": "0.95", "std": "0.12"}, {"max": "1.60", "min": "0.45", "mean": "1.00", "std": "0.14"}, {"max": "1.53", "min": "0.47", "mean": "0.95", "std": "0.12"}, {"max": "1.54", "min": "0.47", "mean": "0.93", "std": "0.12"}, {"max": "1.51", "min": "0.44", "mean": "0.91", "std": "0.12"}, {"max": "1.52", "min": "0.45", "mean": "0.92", "std": "0.12"}, {"max": "1.56", "min": "0.37", "mean": "0.93", "std": "0.14"}, {"max": "1.54", "min": "0.40", "mean": "0.94", "std": "0.13"}, {"max": "1.60",