{"e_losses": [-34.779764726758, -29.894017162323, -40.85635110696156, -40.942400078773495, -45.88141254484653, -46.39131907939911, -51.138682907104474, -50.90469820499419, -55.67911695082981, -54.42249955435594, -59.58054123197283, -60.075105471270426, -65.51990306794643, -65.51844465732574, -70.54079363558027, -71.35698027253152, -76.17346116018294, -87.48413792445106, -94.3149886058271, -98.94925222459591, -99.24981686532496, -100.63311478614811, -100.70351075234619, -101.26271294693153, -101.34425163110097, -101.9524840613365, -102.1442493665218, -102.81078459315835, -103.28779020539352, -104.15932394011263, -104.25105215001103, -104.89250875103859, -105.1453219217062, -105.43478408023715, -104.7957259057869, -105.36481662518838, -105.74236029093606, -106.42671827614305, -106.36691869142896, -107.68900298619268, -107.97952267726261, -108.25819099304286, -108.76969616356108, -109.44967176427231, -110.23570186719893, -110.54000334065695, -110.65395832142741, -110.8928450331423, -110.55346777755565], "r_losses": [0.002863939150902297, 0.004891218429111177, 0.0035257842061158316, 0.004482070336574299, 0.004683682229770056, 0.006584560099727241, 0.004037349532707593, 0.005666076779249126, 0.004277693979771962, 0.004198276609337578, 0.003880077081183639, 0.0041415679407405806, 0.004293930106177868, 0.0035693203487608114, 0.004335817035494578, 0.004428472368033705, 0.004241401952807791, 0.003033647709973874, 0.002345153203505106, 0.001489353826243468, 0.0020320624695086735, 0.001645426370715458, 0.001776786535983379, 0.0016770532050062075, 0.00164577985299123, 0.002008511759678367, 0.001809485146827334, 0.00190189341539668, 0.00167892448371536, 0.0014006646035880385, 0.0014423788882001343, 0.0014701094076665477, 0.001657526493640944, 0.0015557831474575323, 0.0014859245397692014, 0.0014999745361488103, 0.0014615667471163244, 0.0016549321870560465, 0.002071379039501865, 0.001376859279616837, 0.0015600849454789386, 0.001582509813268738, 0.0011851300627499176, 0.001071587792143196, 0.0010510093452336155, 0.0012000512450446462, 0.0011180484046180595, 0.0014885161994674558, 0.0010781391636177102], "rewards": [1.0, 1.0, 1.0, 1.0, 1.0, 1.0, 1.0, 1.0, 1.0, 1.0, 1.0, 1.0, 1.0, 1.0, 1.0, 1.0, 1.0, 0, 0, 1.0, 1.0, 1.0, 1.0, 1.0, 1.0, 1.0, 1.0, 1.0, 1.0, 1.0, 1.0, 1.0, 1.0, 1.0, 1.0, 1.0, 1.0, 1.0, 0, 1.0, 1.0, 1.0, 1.0, 0, 1.0, 1.0, 1.0, 1.0, 1.0], "steps": [24, 27, 25, 30, 24, 26, 25, 25, 27, 24, 24, 24, 23, 24, 33, 35, 131, 167, 167, 28, 104, 59, 25, 26, 24, 44, 57, 37, 79, 62, 34, 27, 45, 43, 23, 54, 43, 55, 167, 100, 45, 155, 39, 167, 91, 48, 62, 34, 46], "times": [5.89416241645813, 5.262292385101318, 5.1276257038116455, 6.031542062759399, 5.194895267486572, 5.516058921813965, 5.563209772109985, 5.552506446838379, 6.123149394989014, 5.611706972122192, 5.814088344573975, 5.819543123245239, 5.881158113479614, 6.031432390213013, 7.877477169036865, 8.227909803390503, 25.317935705184937, 32.43467974662781, 33.04057502746582, 9.245703220367432, 22.835237741470337, 15.29235029220581, 9.611970663070679, 10.01215147972107, 9.598609924316406, 13.33293628692627, 15.812468528747559, 12.621083736419678, 20.204774856567383, 17.38277578353882, 12.655268430709839, 11.724528074264526, 15.184283971786499, 14.726282596588135, 11.42878794670105, 17.109846830368042, 15.386871337890625, 17.70186448097229, 37.742767572402954, 26.659047603607178, 17.284486770629883, 36.929770946502686, 17.08943510055542, 39.94034194946289, 27.1949303150177, 20.068033456802368, 22.77932596206665, 18.005996704101562, 20.446061849594116], "reward_stats": [{"max": "592.54", "min": "-0.43", "mean": "120.57", "std": "126.16"}, {"max": "95.01", "min": "-0.43", "mean": "6.29", "std": "12.76"}, {"max": "667.54", "min": "-0.07", "mean": "103.27", "std": "168.87"}, {"max": "54.69", "min": "-0.09", "mean": "0.72", "std": "2.59"}, {"max": "718.89", "min": "-0.06", "mean": "82.89", "std": "156.13"}, {"max": "1149.98", "min": "-0.36", "mean": "182.56", "std": "296.47"}, {"max": "2398.73", "min": "-0.03", "mean": "349.78", "std": "600.42"}, {"max": "4461.74", "min": "-0.15", "mean": "678.66", "std": "1128.02"}, {"max": "2471.58", "min": "-0.37", "mean": "331.80", "std": "611.27"}, {"max": "2573.23", "min": "-0.21", "mean": "426.12", "std": "664.07"}, {"max": "1467.43", "min": "0.00", "mean": "238.09", "std": "371.60"}, {"max": "1718.38", "min": "-0.15", "mean": "272.74", "std": "443.55"}, {"max": "1780.56", "min": "-0.19", "mean": "333.75", "std": "471.66"}, {"max": "1578.11", "min": "-0.00", "mean": "237.61", "std": "407.44"}, {"max": "1826.90", "min": "0.00", "mean": "248.12", "std": "434.55"}, {"max": "2914.17", "min": "0.07", "mean": "397.39", "std": "703.64"}, {"max": "1806.25", "min": "-0.12", "mean": "60.16", "std": "238.29"}, {"max": "0.20", "min": "-0.03", "mean": "0.14", "std": "0.02"}, {"max": "2.37", "min": "-0.04", "mean": "0.03", "std": "0.01"}, {"max": "299.34", "min": "-0.21", "mean": "33.82", "std": "71.04"}, {"max": "1218.97", "min": "-0.45", "mean": "55.69", "std": "189.56"}, {"max": "1228.79", "min": "-0.38", "mean": "101.80", "std": "247.68"}, {"max": "1142.34", "min": "-0.42", "mean": "197.14", "std": "300.39"}, {"max": "634.96", "min": "-0.39", "mean": "108.20", "std": "167.77"}, {"max": "913.76", "min": "-0.45", "mean": "121.13", "std": "225.60"}, {"max": "1292.20", "min": "-0.26", "mean": "140.85", "std": "286.84"}, {"max": "1155.76", "min": "-0.27", "mean": "96.42", "std": "233.19"}, {"max": "1471.24", "min": "0.06", "mean": "169.37", "std": "330.57"}, {"max": "744.19", "min": "-0.10", "mean": "33.73", "std": "116.29"}, {"max": "315.80", "min": "-0.18", "mean": "16.02", "std": "53.13"}, {"max": "581.19", "min": "-0.17", "mean": "90.22", "std": "146.84"}, {"max": "478.02", "min": "-0.16", "mean": "41.98", "std": "99.13"}, {"max": "416.71", "min": "-0.09", "mean": "52.97", "std": "101.89"}, {"max": "1318.05", "min": "-0.04", "mean": "142.18", "std": "283.13"}, {"max": "1487.91", "min": "-0.09", "mean": "213.67", "std": "330.52"}, {"max": "3916.47", "min": "-0.21", "mean": "175.81", "std": "525.98"}, {"max": "723.74", "min": "-0.00", "mean": "62.36", "std": "135.37"}, {"max": "4155.24", "min": "-0.12", "mean": "181.39", "std": "552.39"}, {"max": "0.13", "min": "-0.07", "mean": "-0.04", "std": "0.00"}, {"max": "4028.88", "min": "-0.28", "mean": "37.95", "std": "198.27"}, {"max": "10771.13", "min": "-0.03", "mean": "560.50", "std": "1550.37"}, {"max": "23402.47", "min": "-0.27", "mean": "339.56", "std": "1884.30"}, {"max": "6163.09", "min": "-1.08", "mean": "378.16", "std": "963.49"}, {"max": "2.89", "min": "-0.03", "mean": "-0.01", "std": "0.00"}, {"max": "46.66", "min": "-394.76", "mean": "2.07", "std": "12.63"}, {"max": "21026.37", "min": "-0.12", "mean": "968.03", "std": "2993.85"}, {"max": "1580.87", "min": "-0.20", "mean": "79.36", "std": "225.72"}, {"max": "29248.48", "min": "-0.25", "mean": "1407.56", "std": "3641.95"}, {"max": "7039.79", "min": "-0.11", "mean": "340.31", "std": "967.86"}], "info_stats": [{"max": "137.66", "min": "22.69", "mean": "73.34", "std": "29.14"}, {"max": "76.42", "min": "17.82", "mean": "39.90", "std": "10.80"}, {"max": "107.62", "min": "19.48", "mean": "49.11", "std": "19.75"}, {"max": "72.51", "min": "19.59", "mean": "36.90", "std": "7.13"}, {"max": "112.04", "min": "19.80", "mean": "49.01", "std": "22.56"}, {"max": "122.49", "min": "20.07", "mean": "53.46", "std": "25.31"}, {"max": "124.09", "min": "17.19", "mean": "50.06", "std": "25.90"}, {"max": "140.47", "min": "19.48", "mean": "58.80", "std": "31.09"}, {"max": "105.30", "min": "14.29", "mean": "43.55", "std": "21.40"}, {"max": "120.26", "min": "15.02", "mean": "50.79", "std": "24.00"}, {"max": "109.55", "min": "15.24", "mean": "48.64", "std": "21.32"}, {"max": "100.23", "min": "13.59", "mean": "45.29", "std": "18.86"}, {"max": "99.05", "min": "9.85", "mean": "40.38", "std": "20.20"}, {"max": "97.80", "min": "10.37", "mean": "39.02", "std": "20.58"}, {"max": "103.78", "min": "9.18", "mean": "35.06",