{"e_losses": [-37.71807579855919, -35.85482647943496, -35.06014570057392, -35.46230349921434, -36.13590048932367, -36.67634104458092, -37.263823774833575, -36.59341791865232, -36.978848521645254, -36.49521337377173, -36.705864632741594, -37.31095176515728, -37.41441157171305, -37.613616653644364, -37.785458633733434, -38.3494649400711, -38.45389671650954, -38.724244850844144, -38.87765304752537, -38.96854554066807, -39.209862300367355, -39.40135418720887, -39.51221107708745, -39.766168055142685, -39.76333019010775, -39.911334325889754, -40.00794682030525, -40.05980840821938, -40.215975310282275, -40.21880827332243, -40.2897403855528, -40.33554370823835, -40.45725785159421, -40.439089811370565, -40.55989011480565, -40.64052180300653, -40.73380889870772, -40.779229773776855, -40.84219247012915, -40.93407551701503, -41.066694384580195, -41.05494476898339, -41.15188343364507, -41.33698805101588, -41.34407936226593, -41.39143404955625, -41.49775387275745, -41.579746668665436, -41.618755319633586], "r_losses": [1.607796546980823e-05, 3.76576282891913e-05, 0.012119936055751693, 0.018723797459352678, 0.02694918054756674, 0.025826476624234773, 0.027307336965231833, 0.032652853167269014, 0.031748696878203184, 0.034467098446242746, 0.035103487735643285, 0.034361521593979004, 0.03624402399709353, 0.033504947128932046, 0.03249037484652178, 0.03461635155966797, 0.03418318982764251, 0.03342606421610187, 0.035026794673404235, 0.03626377845143967, 0.03598329007494032, 0.033922538872778005, 0.03355202244235314, 0.03505438267396779, 0.030549130195709623, 0.030516643623373252, 0.03622615900346935, 0.03398698056520333, 0.03602629683056147, 0.033399932119937144, 0.03434007017096904, 0.03544074453575012, 0.033946025406583084, 0.035550681998123015, 0.032640792463710586, 0.03622440635614474, 0.033064670323022266, 0.03289188501534575, 0.032208108305897244, 0.0344292216726965, 0.030322749755907936, 0.0318121846780287, 0.03310156076399613, 0.03336086506533562, 0.031165540487472235, 0.029394541589721344, 0.03114094757242014, 0.028842270633831504, 0.02942378412443652], "rewards": [0.0, 954.0, 986.0, 0.0, 0.0, 955.0, 0.0, 651.0, 25.0, 861.0, 0.0, 0.0, 820.0, 773.0, 0.0, 793.0, 858.0, 663.0, 492.0, 756.0, 0.0, 719.0, 955.0, 0.0, 921.0, 537.0, 991.0, 990.0, 960.0, 915.0, 871.0, 890.0, 956.0, 716.0, 957.0, 909.0, 925.0, 917.0, 708.0, 885.0, 781.0, 990.0, 957.0, 751.0, 923.0, 716.0, 945.0, 908.0, 744.0], "steps": [250, 250, 250, 250, 250, 250, 250, 250, 250, 250, 250, 250, 250, 250, 250, 250, 250, 250, 250, 250, 250, 250, 250, 250, 250, 250, 250, 250, 250, 250, 250, 250, 250, 250, 250, 250, 250, 250, 250, 250, 250, 250, 250, 250, 250, 250, 250, 250, 250], "times": [23.38927459716797, 23.470030546188354, 24.661868572235107, 25.531721830368042, 26.773749828338623, 27.87977409362793, 28.767327308654785, 29.723230361938477, 30.743093013763428, 31.88049077987671, 32.960169315338135, 33.91816735267639, 35.045478105545044, 36.803488969802856, 39.57150840759277, 39.36443591117859, 41.940149784088135, 42.37777042388916, 42.93464279174805, 44.18479371070862, 44.66970443725586, 45.28119707107544, 49.098708629608154, 48.77315378189087, 49.64481711387634, 50.62244915962219, 51.765658140182495, 52.78697609901428, 53.908236265182495, 55.13641691207886, 58.86885952949524, 57.90500736236572, 61.99688720703125, 61.17237830162048, 61.67149591445923, 62.93500256538391, 63.421306133270264, 64.2889416217804, 66.17730236053467, 66.62743496894836, 68.490886926651, 66.70646905899048, 67.44064950942993, 68.63915705680847, 69.9942946434021, 70.82331275939941, 71.94173765182495, 72.94646191596985, 74.24575281143188], "reward_stats": [{"max": "0.49", "min": "-0.41", "mean": "-0.01", "std": "0.07"}, {"max": "0.05", "min": "-0.09", "mean": "-0.01", "std": "0.01"}, {"max": "55.06", "min": "-0.36", "mean": "15.25", "std": "13.18"}, {"max": "47.27", "min": "-0.31", "mean": "12.61", "std": "11.90"}, {"max": "48.40", "min": "-1.03", "mean": "7.23", "std": "7.40"}, {"max": "56.94", "min": "-1.46", "mean": "10.72", "std": "9.59"}, {"max": "38.40", "min": "-2.16", "mean": "2.71", "std": "3.59"}, {"max": "31.37", "min": "-3.01", "mean": "3.88", "std": "4.52"}, {"max": "12.64", "min": "-1.63", "mean": "0.53", "std": "0.66"}, {"max": "25.88", "min": "-1.46", "mean": "4.06", "std": "3.47"}, {"max": "12.58", "min": "-1.35", "mean": "2.05", "std": "1.91"}, {"max": "7.01", "min": "-3.53", "mean": "0.42", "std": "0.73"}, {"max": "26.35", "min": "-2.63", "mean": "3.60", "std": "3.60"}, {"max": "28.40", "min": "-1.31", "mean": "3.84", "std": "3.94"}, {"max": "3.91", "min": "-1.47", "mean": "0.83", "std": "0.66"}, {"max": "31.92", "min": "-2.09", "mean": "4.38", "std": "4.44"}, {"max": "23.41", "min": "-1.77", "mean": "3.34", "std": "3.21"}, {"max": "23.36", "min": "-3.49", "mean": "2.62", "std": "2.87"}, {"max": "21.55", "min": "-2.89", "mean": "1.66", "std": "2.40"}, {"max": "26.11", "min": "-2.12", "mean": "2.71", "std": "2.92"}, {"max": "10.06", "min": "-1.84", "mean": "1.91", "std": "1.52"}, {"max": "21.54", "min": "-1.54", "mean": "2.82", "std": "3.05"}, {"max": "24.13", "min": "-1.03", "mean": "3.16", "std": "2.85"}, {"max": "6.07", "min": "-2.96", "mean": "0.66", "std": "0.81"}, {"max": "19.11", "min": "-1.64", "mean": "3.70", "std": "3.15"}, {"max": "21.46", "min": "-1.74", "mean": "2.28", "std": "2.72"}, {"max": "8.19", "min": "-2.50", "mean": "1.62", "std": "1.25"}, {"max": "15.71", "min": "-1.21", "mean": "3.37", "std": "2.69"}, {"max": "19.25", "min": "-2.40", "mean": "3.94", "std": "3.24"}, {"max": "22.12", "min": "-2.46", "mean": "3.79", "std": "3.46"}, {"max": "19.30", "min": "-1.89", "mean": "3.19", "std": "3.12"}, {"max": "21.85", "min": "-3.08", "mean": "3.29", "std": "3.30"}, {"max": "26.68", "min": "-1.43", "mean": "3.88", "std": "3.74"}, {"max": "25.14", "min": "-1.85", "mean": "2.81", "std": "3.48"}, {"max": "23.22", "min": "-1.73", "mean": "3.45", "std": "3.15"}, {"max": "21.91", "min": "-2.12", "mean": "3.78", "std": "3.27"}, {"max": "27.74", "min": "-1.33", "mean": "5.27", "std": "4.47"}, {"max": "23.83", "min": "-1.81", "mean": "3.93", "std": "3.55"}, {"max": "25.20", "min": "-1.92", "mean": "3.57", "std": "3.89"}, {"max": "25.56", "min": "-2.07", "mean": "4.37", "std": "3.85"}, {"max": "26.92", "min": "-1.16", "mean": "3.27", "std": "3.73"}, {"max": "31.51", "min": "-1.05", "mean": "6.10", "std": "5.08"}, {"max": "29.12", "min": "-1.04", "mean": "5.18", "std": "4.34"}, {"max": "29.22", "min": "-2.19", "mean": "4.09", "std": "4.42"}, {"max": "27.22", "min": "-1.90", "mean": "3.53", "std": "3.84"}, {"max": "25.58", "min": "-1.85", "mean": "3.61", "std": "3.57"}, {"max": "23.43", "min": "-1.71", "mean": "4.02", "std": "3.76"}, {"max": "24.05", "min": "-1.20", "mean": "2.66", "std": "2.91"}, {"max": "27.71", "min": "-1.55", "mean": "4.51", "std": "4.52"}], "info_stats": [{"max": "3.00", "min": "0.52", "mean": "1.61", "std": "0.32"}, {"max": "1.63", "min": "0.44", "mean": "0.96", "std": "0.22"}, {"max": "1.30", "min": "0.32", "mean": "0.75", "std": "0.14"}, {"max": "1.23", "min": "0.40", "mean": "0.74", "std": "0.10"}, {"max": "1.34", "min": "0.35", "mean": "0.75", "std": "0.13"}, {"max": "1.37", "min": "0.25", "mean": "0.75", "std": "0.16"}, {"max": "1.43", "min": "0.35", "mean": "0.83", "std": "0.13"}, {"max": "1.51", "min": "0.43", "mean": "0.89", "std": "0.14"}, {"max": "1.47", "min": "0.51", "mean": "0.97", "std": "0.11"}, {"max": "1.50", "min": "0.42", "mean": "0.92", "std": "0.14"}, {"max": "1.50", "min": "0.57", "mean": "1.08", "std": "0.10"}, {"max": "1.49", "min": "0.47", "mean": "0.93", "std": "0.12"}, {"max": "1.49", "min": "0.44", "mean": "0.89", "std": "0.13"}, {"max": "1.53", "min": "0.37", "mean": "0.89", "std": "0.14"}, {"max": "1.44", "min": "0.54", "mean": "1.04", "std": "0.09"}, {"max": "1.50", "min": "0.38", "mean": "0.83", "std": "0.13"}, {"max": "1.49", "min": "0.41", "mean": "0.87", "std": "0.13"}, {"max": "1.47", "min": "0.46", "mean": "0.89", "std": "0.13"}, {"max": "1.58",