{"e_losses": [-36.27153601964712, -34.17698096140226, -33.33230896667073, -32.92401200282574, -33.709039080739004, -34.709754918813694, -35.460164571892136, -35.82408992645145, -36.5040855255677, -36.790748238512464, -37.34991295104026, -37.74806524532288, -38.179763000712676, -38.54056440454722, -39.009064969357695, -39.20564280657172, -39.49182484757191, -39.706730766133845, -39.94921308389954, -40.12886079936228, -40.33158453782084, -40.42097587600581, -40.60026137850903, -40.627538170344074, -40.78364951322407, -41.00051786435048, -41.132683573472896, -41.10485259781032, -41.15806397677912, -41.340320419279976, -41.46601011429513, -41.601296111391655, -41.69302196011026, -41.842321666968495, -42.0115819146725, -42.07993162991406, -42.0131134819345, -42.13236394249825, -42.2413468319538, -42.35448174949668, -42.29532899651527, -42.368616250689264, -42.49682744729266, -42.55713756342232, -42.67944618141409, -42.6855805478406, -42.79216393599556, -42.88308662625001, -42.94101831323695], "r_losses": [0.01729679847907719, 0.044523776659577116, 0.0354093264650666, 0.07050776137001233, 0.09292190295276749, 0.0844738121537026, 0.082748430235777, 0.09194754616237098, 0.07464509590306825, 0.07308285790126373, 0.0739593968613073, 0.06622010792137005, 0.06755468648565274, 0.05910762979885719, 0.061972023690958764, 0.058968505953089355, 0.05558765357898523, 0.053427485709755924, 0.05178756041895929, 0.05156131875868108, 0.04914821553597925, 0.04225112263640713, 0.04931366495947197, 0.04571439370709205, 0.04431617098190254, 0.040237321168409335, 0.04148073340039104, 0.03666226814801483, 0.03984295339026896, 0.03860284075117159, 0.03685769374183313, 0.040468692595798855, 0.034835820429800296, 0.03311250881340328, 0.0363965706350625, 0.03376549401812302, 0.03249051395757265, 0.02959619751603583, 0.029787787247037643, 0.03303475195749013, 0.029433603809785533, 0.028232635496115262, 0.02867281338778954, 0.027016372427268523, 0.026606411703106413, 0.026412919747427786, 0.026292867104926895, 0.02896704036201677, 0.023352721464691154], "rewards": [517.0, 0.0, 649.0, 816.0, 957.0, 852.0, 730.0, 941.0, 141.0, 987.0, 882.0, 867.0, 971.0, 988.0, 910.0, 985.0, 880.0, 952.0, 874.0, 915.0, 738.0, 854.0, 660.0, 868.0, 988.0, 957.0, 261.0, 794.0, 955.0, 881.0, 990.0, 938.0, 986.0, 940.0, 988.0, 0.0, 977.0, 986.0, 995.0, 403.0, 923.0, 959.0, 961.0, 910.0, 921.0, 965.0, 1000.0, 989.0, 912.0], "steps": [250, 250, 250, 250, 250, 250, 250, 250, 250, 250, 250, 250, 250, 250, 250, 250, 250, 250, 250, 250, 250, 250, 250, 250, 250, 250, 250, 250, 250, 250, 250, 250, 250, 250, 250, 250, 250, 250, 250, 250, 250, 250, 250, 250, 250, 250, 250, 250, 250], "times": [22.56484317779541, 23.559871673583984, 24.571775197982788, 25.607892751693726, 26.742326498031616, 27.8167884349823, 28.86175537109375, 30.0495765209198, 31.055149793624878, 32.12137460708618, 33.20021867752075, 34.37511587142944, 35.19421410560608, 36.25942611694336, 37.488845348358154, 38.386420488357544, 39.527568340301514, 40.355162382125854, 41.6845269203186, 42.68181109428406, 43.68799352645874, 44.77951431274414, 45.798922538757324, 46.83748459815979, 47.74873065948486, 48.94068360328674, 50.06089758872986, 51.02952003479004, 52.09668493270874, 53.20559501647949, 54.50718069076538, 55.3774311542511, 56.52864718437195, 57.3671498298645, 58.6055793762207, 59.83423352241516, 60.75779104232788, 61.75901794433594, 62.86133861541748, 63.86949157714844, 65.60445833206177, 66.12650799751282, 67.08139634132385, 68.35501337051392, 69.19976282119751, 70.46174693107605, 71.60723209381104, 72.67312407493591, 73.47136950492859], "reward_stats": [{"max": "35.57", "min": "-0.40", "mean": "6.34", "std": "5.61"}, {"max": "42.42", "min": "-0.54", "mean": "7.03", "std": "7.45"}, {"max": "51.49", "min": "-0.47", "mean": "11.49", "std": "9.36"}, {"max": "45.30", "min": "-1.37", "mean": "13.95", "std": "9.63"}, {"max": "47.13", "min": "-1.21", "mean": "14.31", "std": "8.54"}, {"max": "45.92", "min": "-0.82", "mean": "11.52", "std": "8.72"}, {"max": "44.58", "min": "-1.15", "mean": "10.86", "std": "8.52"}, {"max": "44.24", "min": "-1.45", "mean": "13.45", "std": "8.16"}, {"max": "40.57", "min": "-2.93", "mean": "4.49", "std": "5.40"}, {"max": "39.80", "min": "-0.56", "mean": "11.91", "std": "7.24"}, {"max": "43.10", "min": "-2.44", "mean": "11.08", "std": "7.74"}, {"max": "41.95", "min": "-0.74", "mean": "11.54", "std": "7.96"}, {"max": "43.12", "min": "-0.45", "mean": "12.33", "std": "7.31"}, {"max": "41.28", "min": "-0.51", "mean": "11.83", "std": "7.25"}, {"max": "44.72", "min": "-0.90", "mean": "11.67", "std": "7.97"}, {"max": "44.87", "min": "-2.09", "mean": "13.07", "std": "8.00"}, {"max": "44.36", "min": "-1.61", "mean": "11.33", "std": "8.07"}, {"max": "44.53", "min": "-0.75", "mean": "12.03", "std": "7.78"}, {"max": "45.77", "min": "-1.07", "mean": "12.84", "std": "9.36"}, {"max": "44.70", "min": "-0.77", "mean": "13.01", "std": "8.83"}, {"max": "41.93", "min": "-1.16", "mean": "10.79", "std": "8.62"}, {"max": "43.48", "min": "-0.39", "mean": "11.13", "std": "8.31"}, {"max": "44.33", "min": "-2.49", "mean": "9.92", "std": "8.76"}, {"max": "44.08", "min": "-0.84", "mean": "11.63", "std": "8.00"}, {"max": "42.74", "min": "-0.49", "mean": "13.30", "std": "8.07"}, {"max": "44.16", "min": "-0.57", "mean": "13.12", "std": "8.42"}, {"max": "43.87", "min": "-0.97", "mean": "4.56", "std": "6.63"}, {"max": "44.83", "min": "-0.97", "mean": "11.37", "std": "8.96"}, {"max": "44.27", "min": "-0.42", "mean": "13.20", "std": "8.01"}, {"max": "43.18", "min": "-0.69", "mean": "12.70", "std": "8.52"}, {"max": "45.64", "min": "-0.44", "mean": "13.88", "std": "8.38"}, {"max": "46.18", "min": "-0.57", "mean": "13.74", "std": "8.80"}, {"max": "45.79", "min": "-0.30", "mean": "15.09", "std": "8.52"}, {"max": "47.66", "min": "-0.90", "mean": "14.19", "std": "8.85"}, {"max": "45.37", "min": "-0.37", "mean": "15.72", "std": "9.18"}, {"max": "24.90", "min": "-0.41", "mean": "1.59", "std": "2.33"}, {"max": "44.62", "min": "-0.46", "mean": "14.35", "std": "8.66"}, {"max": "47.96", "min": "-0.34", "mean": "16.27", "std": "8.99"}, {"max": "46.98", "min": "-0.26", "mean": "16.14", "std": "8.68"}, {"max": "45.35", "min": "-1.30", "mean": "7.52", "std": "8.20"}, {"max": "45.71", "min": "-0.50", "mean": "15.07", "std": "9.19"}, {"max": "46.67", "min": "-0.24", "mean": "16.05", "std": "9.08"}, {"max": "43.94", "min": "-0.35", "mean": "15.26", "std": "8.82"}, {"max": "44.39", "min": "-1.91", "mean": "13.73", "std": "8.78"}, {"max": "41.35", "min": "-0.45", "mean": "11.75", "std": "7.30"}, {"max": "45.18", "min": "-0.35", "mean": "13.56", "std": "8.16"}, {"max": "45.22", "min": "-0.41", "mean": "16.00", "std": "8.80"}, {"max": "46.83", "min": "-0.32", "mean": "15.99", "std": "9.08"}, {"max": "45.93", "min": "-0.69", "mean": "14.44", "std": "8.89"}], "info_stats": [{"max": "2.55", "min": "0.51", "mean": "1.29", "std": "0.25"}, {"max": "1.62", "min": "0.40", "mean": "0.95", "std": "0.16"}, {"max": "1.64", "min": "0.42", "mean": "0.95", "std": "0.15"}, {"max": "1.64", "min": "0.31", "mean": "0.85", "std": "0.21"}, {"max": "1.54", "min": "0.34", "mean": "0.89", "std": "0.18"}, {"max": "1.59", "min": "0.31", "mean": "0.92", "std": "0.20"}, {"max": "1.58", "min": "0.31", "mean": "0.93", "std": "0.19"}, {"max": "1.61", "min": "0.30", "mean": "0.88", "std": "0.20"}, {"max": "1.74", "min": "0.31", "mean": "1.18", "std": "0.19"}, {"max": "1.49", "min": "0.28", "mean": "0.85", "std": "0.18"}, {"max": "1.54", "min": "0.28", "mean": "0.88", "std": "0.18"}, {"max": "1.56", "min": "0.28", "mean": "0.88", "std": "0.18"}, {"max": "1.55", "min": "0.31", "mean": "0.88", "std": "0.18"}, {"max": "1.53", "min": "0.31", "mean": "0.88", "std": "0.17"}, {"max": "1.57", "min": "0.31", "mean": "0.90", "std": "0.19"}, {"max": "1.57", "min": "0.30", "mean": "0.88", "std": "0.19"}, {"max": "1.81", "min": "0.29", "mean": "0.90", "std": "0.20"}, {"max": "1.57", "min": "0.32", "mean": "0.90",