{"e_losses": [-37.11857371644974, -34.249173443973056, -34.37950558115754, -34.548694540292026, -34.621788366357485, -34.53410809586047, -35.05828079517864, -35.742111198271324, -36.197653851417414, -36.8374367999179, -37.11680420630375, -37.31392696030437, -37.52415413363539, -37.80317557106416, -38.13490998444431, -38.315571418046964, -38.53158069566884, -38.81054378063029, -39.03067301743963, -39.29767398042481, -39.53298409091949, -39.65138194825558, -39.930773433036265, -39.91711368306618, -40.216164010537085, -40.27949538088637, -40.48633935735301, -40.558096356119954, -40.73739587692422, -40.823065006655796, -40.954091808635845, -41.08990056699515, -41.25239364076306, -41.37903798123096, -41.4879159508485, -41.58837683762611, -41.7310868331572, -41.80185182367336, -41.96804908214614, -42.05617556737771, -42.205082309877874, -42.26612451869508, -42.40272109621129, -42.4706446160078, -42.494941774125, -42.653804990329746, -42.66311232693056, -42.784910316989965, -42.87701576853698], "r_losses": [0.0010039264387204636, 0.04821227695509633, 0.06750192554893772, 0.07278305058076512, 0.08227966596486258, 0.08098330747690051, 0.08492732307662006, 0.07469990742354037, 0.0749760108258432, 0.07098255695262923, 0.06260399416290842, 0.06532481431961065, 0.06855861370027169, 0.06467039529468291, 0.063743723321412, 0.05567691794068086, 0.06166627427285889, 0.056056957722863746, 0.054852070923428975, 0.05690336435149461, 0.05209451857927255, 0.04664519560115871, 0.05741752916786615, 0.04957495450099978, 0.050432393912707686, 0.04784961793244195, 0.050451906764616944, 0.04431901833543088, 0.04800334277571264, 0.0418636944009854, 0.04372746187937443, 0.04164187466933963, 0.04312116323860134, 0.042819940009476073, 0.038491872510308625, 0.03643747080142784, 0.03459025704767557, 0.03419754758380753, 0.03215133194007834, 0.03422949452787131, 0.037539061944238436, 0.03120918972739627, 0.03439092769234769, 0.034756466612365325, 0.031998260280507014, 0.03113870542034974, 0.02896135683022165, 0.028207266816114927, 0.027430696846554827], "rewards": [884.0, 497.0, 495.0, 608.0, 0.0, 975.0, 956.0, 995.0, 0.0, 897.0, 682.0, 948.0, 697.0, 996.0, 930.0, 912.0, 964.0, 986.0, 917.0, 769.0, 817.0, 952.0, 417.0, 942.0, 905.0, 742.0, 702.0, 943.0, 722.0, 987.0, 995.0, 915.0, 867.0, 991.0, 819.0, 915.0, 946.0, 1000.0, 954.0, 988.0, 963.0, 918.0, 991.0, 927.0, 959.0, 906.0, 987.0, 994.0, 952.0], "steps": [250, 250, 250, 250, 250, 250, 250, 250, 250, 250, 250, 250, 250, 250, 250, 250, 250, 250, 250, 250, 250, 250, 250, 250, 250, 250, 250, 250, 250, 250, 250, 250, 250, 250, 250, 250, 250, 250, 250, 250, 250, 250, 250, 250, 250, 250, 250, 250, 250], "times": [22.53210711479187, 23.520896911621094, 24.612342357635498, 25.628772258758545, 26.721224546432495, 27.743456840515137, 28.92848038673401, 29.872026920318604, 30.88979458808899, 31.95475459098816, 33.17215013504028, 34.19054174423218, 35.20964598655701, 36.39834904670715, 37.402175188064575, 38.318841218948364, 39.58212065696716, 40.488917112350464, 41.72280716896057, 42.70655822753906, 43.80886435508728, 44.73651075363159, 45.714667320251465, 46.812593936920166, 49.06459403038025, 51.395021200180054, 51.61648511886597, 52.541626930236816, 53.56991958618164, 54.98985958099365, 57.96998572349548, 57.25122261047363, 58.523722887039185, 60.693615674972534, 61.18683648109436, 62.22004461288452, 63.54908275604248, 64.4251081943512, 65.70824265480042, 66.61366033554077, 67.97092700004578, 69.05362319946289, 70.21288394927979, 71.20419144630432, 72.80247640609741, 73.58146953582764, 74.5488953590393, 75.63487148284912, 76.65957045555115], "reward_stats": [{"max": "15.05", "min": "-0.29", "mean": "2.17", "std": "2.18"}, {"max": "54.89", "min": "-2.49", "mean": "13.45", "std": "9.84"}, {"max": "43.17", "min": "-1.07", "mean": "9.97", "std": "9.95"}, {"max": "43.76", "min": "-2.46", "mean": "11.11", "std": "9.97"}, {"max": "42.27", "min": "-2.06", "mean": "4.78", "std": "6.61"}, {"max": "28.68", "min": "-1.61", "mean": "7.35", "std": "4.26"}, {"max": "37.76", "min": "-0.55", "mean": "9.12", "std": "6.10"}, {"max": "37.18", "min": "-2.11", "mean": "8.39", "std": "6.11"}, {"max": "15.19", "min": "-2.63", "mean": "2.06", "std": "1.56"}, {"max": "36.61", "min": "-2.15", "mean": "8.23", "std": "6.18"}, {"max": "36.18", "min": "-1.99", "mean": "6.05", "std": "5.83"}, {"max": "38.95", "min": "-1.96", "mean": "9.08", "std": "7.00"}, {"max": "42.63", "min": "-1.73", "mean": "8.01", "std": "7.75"}, {"max": "41.02", "min": "-1.02", "mean": "10.17", "std": "7.29"}, {"max": "41.27", "min": "-0.99", "mean": "10.35", "std": "7.59"}, {"max": "42.28", "min": "-1.96", "mean": "10.78", "std": "8.04"}, {"max": "42.54", "min": "-1.01", "mean": "11.43", "std": "8.15"}, {"max": "42.92", "min": "-1.25", "mean": "11.80", "std": "8.44"}, {"max": "44.30", "min": "-2.17", "mean": "12.43", "std": "9.41"}, {"max": "43.09", "min": "-3.65", "mean": "10.23", "std": "8.66"}, {"max": "42.28", "min": "-2.17", "mean": "10.73", "std": "8.47"}, {"max": "42.69", "min": "-1.23", "mean": "11.44", "std": "8.08"}, {"max": "38.29", "min": "-4.00", "mean": "5.99", "std": "6.61"}, {"max": "41.42", "min": "-1.31", "mean": "10.68", "std": "8.11"}, {"max": "45.03", "min": "-2.89", "mean": "11.24", "std": "8.78"}, {"max": "43.94", "min": "-2.93", "mean": "9.44", "std": "8.84"}, {"max": "37.48", "min": "-2.34", "mean": "7.80", "std": "7.00"}, {"max": "42.33", "min": "-2.00", "mean": "10.59", "std": "7.93"}, {"max": "43.18", "min": "-5.59", "mean": "8.78", "std": "7.96"}, {"max": "41.94", "min": "-0.84", "mean": "11.55", "std": "8.02"}, {"max": "43.27", "min": "-0.81", "mean": "12.24", "std": "8.21"}, {"max": "45.50", "min": "-2.95", "mean": "11.06", "std": "8.42"}, {"max": "45.29", "min": "-3.39", "mean": "10.90", "std": "8.90"}, {"max": "41.82", "min": "-2.56", "mean": "12.12", "std": "7.98"}, {"max": "45.36", "min": "-2.30", "mean": "10.91", "std": "8.80"}, {"max": "46.48", "min": "-1.73", "mean": "11.81", "std": "8.65"}, {"max": "42.83", "min": "-2.56", "mean": "11.25", "std": "8.27"}, {"max": "44.97", "min": "-1.56", "mean": "11.67", "std": "8.21"}, {"max": "43.86", "min": "-2.47", "mean": "12.57", "std": "8.47"}, {"max": "45.71", "min": "-1.45", "mean": "13.32", "std": "9.02"}, {"max": "46.64", "min": "-1.64", "mean": "11.97", "std": "8.54"}, {"max": "47.24", "min": "-2.64", "mean": "11.74", "std": "9.30"}, {"max": "47.44", "min": "-1.52", "mean": "13.35", "std": "9.56"}, {"max": "45.00", "min": "-3.36", "mean": "11.36", "std": "8.59"}, {"max": "47.62", "min": "-1.55", "mean": "13.03", "std": "9.57"}, {"max": "46.65", "min": "-1.49", "mean": "13.26", "std": "9.69"}, {"max": "46.78", "min": "-0.61", "mean": "13.32", "std": "9.04"}, {"max": "47.18", "min": "-0.91", "mean": "14.25", "std": "9.66"}, {"max": "45.92", "min": "-1.92", "mean": "12.43", "std": "9.06"}], "info_stats": [{"max": "2.18", "min": "0.43", "mean": "1.08", "std": "0.21"}, {"max": "1.62", "min": "0.46", "mean": "0.94", "std": "0.14"}, {"max": "1.53", "min": "0.31", "mean": "0.81", "std": "0.20"}, {"max": "1.61", "min": "0.28", "mean": "0.82", "std": "0.24"}, {"max": "1.61", "min": "0.31", "mean": "0.92", "std": "0.18"}, {"max": "1.53", "min": "0.48", "mean": "0.90", "std": "0.12"}, {"max": "1.57", "min": "0.37", "mean": "0.86", "std": "0.16"}, {"max": "1.54", "min": "0.34", "mean": "0.86", "std": "0.16"}, {"max": "1.77", "min": "0.57", "mean": "1.20", "std": "0.12"}, {"max": "1.54", "min": "0.34", "mean": "0.86", "std": "0.16"}, {"max": "1.77", "min": "0.35", "mean": "0.89", "std": "0.17"}, {"max": "1.55", "min": "0.33", "mean": "0.84", "std": "0.17"}, {"max": "1.50", "min": "0.27", "mean": "0.86", "std": "0.18"}, {"max": "1.58", "min": "0.32", "mean": "0.86", "std": "0.17"}, {"max": "1.57", "min": "0.32", "mean": "0.87", "std": "0.18"}, {"max": "1.71", "min": "0.32", "mean": "0.88", "std": "0.20"}, {"max": "1.64", "min": "0.31", "mean": "0.86", "std": "0.19"}, {"max": "1.57", "min": "0.31", "mean": "0.84",