{"e_losses": [-35.23354187502861, -34.33585892185568, -33.83436140922137, -33.98972474423796, -35.02373199035062, -36.0952369185686, -36.64103203373607, -37.34293116838735, -37.91383098507844, -38.24174898578438, -38.58233368109066, -38.850109743319464, -39.14770326086354, -39.24337758602036, -39.232235745172744, -39.49057742403747, -39.552716948895224, -39.82937573292173, -39.94771165973726, -40.248639096885924, -40.30529945224763, -40.55402951693076, -40.491829750487085, -40.715794134037814, -40.90644163196252, -41.055038319381076, -41.144389780165696, -41.36401751714015, -41.3698601418842, -41.505505899001584, -41.63023247735841, -41.656336223208235, -41.71942709406002, -41.84684011443352, -41.953950148194274, -42.05393096430897, -42.15612344840097, -42.3061847699483, -42.34317151762994, -42.38385382501104, -42.49272625390158, -42.5731072463756, -42.542262983342454, -42.65558079416057, -42.737257349230816, -42.821168014171135, -42.81988441507958, -42.94180989443109, -43.04023089513238], "r_losses": [0.12035099072717131, 0.47793513742834337, 1.0316674664659162, 1.6661817331127824, 1.7919442316095036, 2.2874108353674414, 2.934332198836586, 3.8540849569191526, 4.203326158124668, 5.0904601650834085, 5.453038579448064, 6.558202672109006, 7.365037671488872, 8.293839737650421, 9.200413742372865, 10.035017586222295, 11.758758066191563, 12.664700274983591, 13.579535345616545, 15.087818335184213, 16.401964798438545, 18.256100114826964, 18.7363035012616, 20.462279488144176, 21.829094443516478, 22.97216220805049, 23.918563802396097, 25.913648358615124, 28.27992107693535, 28.563062660636266, 29.985506864707794, 32.43561621689632, 32.992490504810945, 35.19404077563631, 36.541182759459204, 38.102440903779865, 39.33224037887412, 41.06089264533349, 43.17651357604943, 43.98456493297354, 45.784642530544595, 47.75761344730466, 49.314827971812235, 51.64598044195275, 52.407883343326205, 53.69265110590695, 55.52907315713049, 57.8907255066106, 59.08923007911274], "rewards": [853.0, 532.0, 593.0, 970.0, 990.0, 952.0, 986.0, 986.0, 936.0, 961.0, 891.0, 953.0, 951.0, 947.0, 926.0, 862.0, 639.0, 947.0, 957.0, 571.0, 944.0, 818.0, 908.0, 949.0, 951.0, 951.0, 904.0, 907.0, 953.0, 950.0, 689.0, 893.0, 892.0, 991.0, 945.0, 989.0, 992.0, 924.0, 914.0, 953.0, 945.0, 886.0, 875.0, 949.0, 907.0, 951.0, 908.0, 985.0, 933.0], "steps": [250, 250, 250, 250, 250, 250, 250, 250, 250, 250, 250, 250, 250, 250, 250, 250, 250, 250, 250, 250, 250, 250, 250, 250, 250, 250, 250, 250, 250, 250, 250, 250, 250, 250, 250, 250, 250, 250, 250, 250, 250, 250, 250, 250, 250, 250, 250, 250, 250], "times": [27.016552209854126, 26.941879272460938, 28.43869948387146, 30.955296516418457, 32.143714904785156, 33.64989686012268, 34.95821189880371, 35.63374590873718, 37.190239667892456, 38.70188760757446, 40.1331844329834, 41.06198716163635, 47.3002073764801, 43.95213079452515, 50.78362584114075, 51.53087329864502, 49.63533616065979, 50.087125062942505, 54.496705532073975, 56.07271122932434, 56.60541296005249, 55.81654357910156, 57.24717926979065, 59.49596071243286, 59.683221101760864, 59.843297481536865, 61.94962120056152, 64.04065036773682, 65.69561195373535, 67.45807790756226, 69.28432321548462, 68.97887992858887, 70.3150064945221, 72.56309795379639, 72.46388030052185, 75.6147677898407, 75.07654666900635, 76.26222825050354, 78.04133176803589, 81.46760964393616, 81.72823548316956, 83.35570359230042, 84.21186995506287, 87.83447027206421, 87.4701316356659, 89.0818772315979, 90.82732200622559, 91.89253044128418, 92.21607661247253], "reward_stats": [{"max": "260.03", "min": "-6.95", "mean": "42.53", "std": "35.00"}, {"max": "333.32", "min": "2.18", "mean": "134.58", "std": "92.37"}, {"max": "352.61", "min": "-8.12", "mean": "126.35", "std": "82.15"}, {"max": "352.53", "min": "-11.04", "mean": "177.99", "std": "86.69"}, {"max": "398.05", "min": "-2.67", "mean": "195.65", "std": "89.13"}, {"max": "433.44", "min": "-6.56", "mean": "219.20", "std": "101.40"}, {"max": "444.82", "min": "-7.10", "mean": "230.61", "std": "98.48"}, {"max": "506.83", "min": "-6.66", "mean": "270.97", "std": "119.68"}, {"max": "553.64", "min": "-9.61", "mean": "283.01", "std": "131.27"}, {"max": "608.16", "min": "-5.80", "mean": "322.90", "std": "137.91"}, {"max": "599.77", "min": "-7.94", "mean": "294.03", "std": "139.02"}, {"max": "673.56", "min": "-11.21", "mean": "332.57", "std": "143.97"}, {"max": "894.06", "min": "-13.94", "mean": "410.51", "std": "181.23"}, {"max": "778.08", "min": "6.82", "mean": "401.98", "std": "157.88"}, {"max": "751.96", "min": "-9.37", "mean": "375.68", "std": "149.74"}, {"max": "804.98", "min": "-3.44", "mean": "386.36", "std": "165.13"}, {"max": "833.20", "min": "-12.84", "mean": "371.06", "std": "164.24"}, {"max": "860.03", "min": "13.78", "mean": "407.68", "std": "164.89"}, {"max": "919.88", "min": "6.77", "mean": "443.32", "std": "177.31"}, {"max": "957.90", "min": "20.29", "mean": "385.82", "std": "186.47"}, {"max": "962.71", "min": "-8.25", "mean": "436.56", "std": "186.95"}, {"max": "1028.19", "min": "-24.87", "mean": "468.92", "std": "200.53"}, {"max": "1047.52", "min": "17.07", "mean": "501.52", "std": "207.51"}, {"max": "1073.36", "min": "35.27", "mean": "564.54", "std": "225.13"}, {"max": "1127.03", "min": "-49.36", "mean": "561.56", "std": "209.84"}, {"max": "1176.35", "min": "3.29", "mean": "578.92", "std": "219.83"}, {"max": "1215.71", "min": "12.69", "mean": "580.42", "std": "226.16"}, {"max": "1255.29", "min": "0.96", "mean": "599.36", "std": "219.13"}, {"max": "1215.44", "min": "80.74", "mean": "609.18", "std": "221.56"}, {"max": "1338.90", "min": "33.67", "mean": "654.53", "std": "237.46"}, {"max": "1336.82", "min": "39.54", "mean": "595.18", "std": "242.53"}, {"max": "1335.98", "min": "84.74", "mean": "663.76", "std": "233.26"}, {"max": "1376.13", "min": "66.77", "mean": "671.42", "std": "239.35"}, {"max": "1399.05", "min": "117.25", "mean": "713.71", "std": "234.35"}, {"max": "1394.58", "min": "143.35", "mean": "733.45", "std": "219.95"}, {"max": "1440.69", "min": "117.20", "mean": "766.36", "std": "235.90"}, {"max": "1470.18", "min": "149.92", "mean": "797.64", "std": "228.49"}, {"max": "1536.54", "min": "139.41", "mean": "802.17", "std": "244.03"}, {"max": "1575.64", "min": "113.30", "mean": "812.87", "std": "253.95"}, {"max": "1585.42", "min": "136.15", "mean": "854.90", "std": "255.57"}, {"max": "1563.00", "min": "131.65", "mean": "826.59", "std": "254.41"}, {"max": "1576.32", "min": "185.23", "mean": "846.36", "std": "237.17"}, {"max": "1627.37", "min": "174.70", "mean": "824.38", "std": "243.70"}, {"max": "1591.44", "min": "191.83", "mean": "885.21", "std": "222.62"}, {"max": "1668.02", "min": "203.00", "mean": "932.90", "std": "248.89"}, {"max": "1753.64", "min": "213.19", "mean": "972.73", "std": "252.38"}, {"max": "1690.49", "min": "184.23", "mean": "928.44", "std": "252.93"}, {"max": "1745.80", "min": "308.68", "mean": "1028.52", "std": "248.27"}, {"max": "1818.48", "min": "239.32", "mean": "976.23", "std": "261.98"}], "info_stats": [{"max": "2.23", "min": "0.54", "mean": "1.25", "std": "0.14"}, {"max": "1.88", "min": "0.34", "mean": "0.86", "std": "0.22"}, {"max": "1.69", "min": "0.31", "mean": "0.86", "std": "0.23"}, {"max": "1.58", "min": "0.28", "mean": "0.75", "std": "0.24"}, {"max": "1.61", "min": "0.29", "mean": "0.78", "std": "0.24"}, {"max": "1.62", "min": "0.29", "mean": "0.81", "std": "0.25"}, {"max": "1.65", "min": "0.28", "mean": "0.80", "std": "0.23"}, {"max": "1.66", "min": "0.28", "mean": "0.78", "std": "0.26"}, {"max": "1.78", "min": "0.27", "mean": "0.80", "std": "0.27"}, {"max": "1.69", "min": "0.30", "mean": "0.80", "std": "0.26"}, {"max": "1.77", "min": "0.30", "mean": "0.84", "std": "0.25"}, {"max": "1.69", "min": "0.29", "mean": "0.83", "std": "0.25"}, {"max": "1.76", "min": "0.32", "mean": "0.87", "std": "0.24"}, {"max": "1.74", "min": "0.29", "mean": "0.84", "std": "0.25"}, {"max": "1.72", "min": "0.30", "mean": "0.86", "std": "0.23"}, {"max": "1.81",