{"e_losses": [-34.399905744910235, -35.52155787847439, -35.68291129069669, -36.01146254751086, -36.90857394654221, -36.879855298805225, -37.49571741671455, -37.562407836824654, -38.069932084899676, -38.59507554227966, -38.14389073444208, -38.253297630116336, -38.44687855994701, -38.59603181558846, -38.76937293074004, -38.99511735739708, -39.19880132701282, -39.38213039940865, -39.5921838770068, -39.80839652476212, -40.010129232902514, -40.13394382703306, -40.3013350656739, -40.483117089837805, -40.534051634957066, -40.73792419360876, -40.80750934460856, -40.92438384578005, -41.01903238837647, -41.084404091565055, -41.17510073878426, -41.2775882406036, -41.37765194448265, -41.46819647813157, -41.5324408673751, -41.6359407760918, -41.76891318237491, -41.879419520168085, -41.98504179676743, -42.05422471394594, -42.100787437367444, -42.23085100382825, -42.37421752009494, -42.45529700050503, -42.530405547884044, -42.635907921519276, -42.67721002948751, -42.79989602366777, -42.9043472527333], "r_losses": [0.11614886378590018, 0.13207348812340455, 0.452088958854122, 0.41814229419175525, 0.7709826311800216, 1.0833297798842192, 1.2857808611203327, 1.500760550116499, 1.9315884104027197, 2.889592423734921, 3.674191045478979, 4.122639529485255, 4.815506242373409, 5.938476572593055, 6.366072764606852, 7.257517285683752, 8.302959031772046, 9.195806111834266, 10.445368071011877, 12.193496986759204, 13.119470916392801, 13.578983813521948, 14.85277834193574, 16.718309195056555, 17.580280328947932, 19.166743115405243, 20.929345170447913, 21.67168286463245, 23.225423718604176, 25.41765624310515, 26.534065874212132, 28.41277000491238, 29.424956804031446, 31.320199606583305, 33.59491438187085, 34.24027112892347, 36.04231651341334, 37.671056979236155, 38.80770893369788, 42.65174273709003, 42.56856372268201, 44.08271173530298, 45.491544952468686, 46.82280091221567, 48.49152477348216, 50.57337925500395, 51.821749777473634, 53.93960353429157, 55.32436238290114], "rewards": [0.0, 877.0, 0.0, 894.0, 0.0, 986.0, 0.0, 990.0, 945.0, 16.0, 885.0, 863.0, 893.0, 990.0, 905.0, 960.0, 957.0, 989.0, 950.0, 948.0, 948.0, 955.0, 955.0, 862.0, 955.0, 990.0, 947.0, 985.0, 807.0, 989.0, 982.0, 951.0, 948.0, 983.0, 938.0, 954.0, 986.0, 1000.0, 936.0, 933.0, 951.0, 952.0, 908.0, 951.0, 939.0, 942.0, 935.0, 987.0, 942.0], "steps": [250, 250, 250, 250, 250, 250, 250, 250, 250, 250, 250, 250, 250, 250, 250, 250, 250, 250, 250, 250, 250, 250, 250, 250, 250, 250, 250, 250, 250, 250, 250, 250, 250, 250, 250, 250, 250, 250, 250, 250, 250, 250, 250, 250, 250, 250, 250, 250, 250], "times": [23.776841402053833, 25.138986825942993, 26.735078811645508, 28.051713943481445, 29.462528467178345, 30.93526268005371, 32.43285346031189, 33.732205867767334, 35.06767416000366, 36.5443274974823, 37.93162536621094, 39.26258873939514, 40.69489336013794, 42.21920824050903, 43.75480771064758, 45.18376183509827, 46.6712601184845, 47.97408437728882, 49.41926193237305, 50.74849891662598, 52.225367307662964, 54.34682011604309, 55.01375198364258, 56.67007756233215, 57.6978223323822, 59.31109142303467, 60.549705505371094, 61.99662733078003, 63.478877782821655, 64.89219975471497, 66.50937867164612, 67.63487315177917, 69.1900725364685, 71.00162434577942, 72.04003524780273, 73.45140767097473, 75.1635570526123, 76.38935947418213, 77.60546898841858, 79.1857328414917, 80.53880095481873, 82.00721526145935, 83.30439114570618, 84.97655391693115, 86.38902616500854, 87.23996114730835, 89.41212797164917, 90.0608582496643, 91.78037357330322], "reward_stats": [{"max": "475.53", "min": "1.17", "mean": "130.46", "std": "67.49"}, {"max": "167.47", "min": "-1.54", "mean": "53.51", "std": "29.17"}, {"max": "175.42", "min": "0.17", "mean": "48.68", "std": "26.17"}, {"max": "355.52", "min": "2.92", "mean": "126.54", "std": "67.15"}, {"max": "332.42", "min": "0.61", "mean": "59.20", "std": "51.97"}, {"max": "338.72", "min": "-1.73", "mean": "109.51", "std": "52.81"}, {"max": "388.44", "min": "-9.04", "mean": "58.85", "std": "47.09"}, {"max": "326.16", "min": "6.02", "mean": "124.17", "std": "57.78"}, {"max": "372.01", "min": "1.28", "mean": "138.88", "std": "65.20"}, {"max": "385.53", "min": "-6.78", "mean": "79.99", "std": "53.86"}, {"max": "168.17", "min": "-6.76", "mean": "72.72", "std": "23.33"}, {"max": "518.18", "min": "-4.84", "mean": "179.17", "std": "92.39"}, {"max": "656.03", "min": "-2.67", "mean": "234.59", "std": "118.64"}, {"max": "638.48", "min": "-2.19", "mean": "255.29", "std": "123.17"}, {"max": "648.88", "min": "-7.60", "mean": "236.31", "std": "119.39"}, {"max": "756.90", "min": "0.06", "mean": "280.81", "std": "134.19"}, {"max": "745.81", "min": "8.62", "mean": "279.02", "std": "136.36"}, {"max": "834.96", "min": "18.74", "mean": "310.50", "std": "140.56"}, {"max": "797.29", "min": "-15.39", "mean": "288.49", "std": "134.00"}, {"max": "891.59", "min": "-2.32", "mean": "341.04", "std": "154.18"}, {"max": "858.09", "min": "12.96", "mean": "318.58", "std": "137.05"}, {"max": "870.31", "min": "12.15", "mean": "330.84", "std": "141.72"}, {"max": "956.91", "min": "-17.71", "mean": "358.66", "std": "154.28"}, {"max": "972.87", "min": "-19.93", "mean": "374.48", "std": "159.26"}, {"max": "1061.56", "min": "-12.43", "mean": "404.20", "std": "172.48"}, {"max": "1067.75", "min": "22.88", "mean": "444.95", "std": "174.87"}, {"max": "1118.51", "min": "-41.55", "mean": "457.70", "std": "183.52"}, {"max": "1101.86", "min": "39.89", "mean": "464.53", "std": "170.66"}, {"max": "1183.71", "min": "29.40", "mean": "518.95", "std": "200.16"}, {"max": "1178.19", "min": "34.74", "mean": "543.24", "std": "213.11"}, {"max": "1261.39", "min": "39.92", "mean": "548.30", "std": "214.53"}, {"max": "1270.16", "min": "24.08", "mean": "570.36", "std": "214.05"}, {"max": "1342.66", "min": "-15.62", "mean": "609.81", "std": "229.52"}, {"max": "1332.14", "min": "51.08", "mean": "626.64", "std": "228.49"}, {"max": "1341.15", "min": "82.20", "mean": "659.24", "std": "227.87"}, {"max": "1379.98", "min": "-18.42", "mean": "661.44", "std": "246.98"}, {"max": "1414.16", "min": "97.72", "mean": "734.74", "std": "243.79"}, {"max": "1419.72", "min": "105.39", "mean": "716.99", "std": "237.43"}, {"max": "1492.53", "min": "-16.99", "mean": "730.33", "std": "249.92"}, {"max": "1435.97", "min": "26.38", "mean": "743.51", "std": "226.21"}, {"max": "1554.49", "min": "97.12", "mean": "787.35", "std": "265.30"}, {"max": "1549.42", "min": "24.21", "mean": "784.79", "std": "252.04"}, {"max": "1557.32", "min": "-19.45", "mean": "792.18", "std": "261.84"}, {"max": "1665.83", "min": "-118.38", "mean": "839.14", "std": "277.01"}, {"max": "1621.27", "min": "35.10", "mean": "849.40", "std": "255.02"}, {"max": "1675.87", "min": "72.80", "mean": "854.62", "std": "253.87"}, {"max": "1695.22", "min": "-51.14", "mean": "891.08", "std": "269.95"}, {"max": "1715.02", "min": "203.26", "mean": "919.55", "std": "249.60"}, {"max": "1782.35", "min": "77.54", "mean": "985.45", "std": "292.86"}], "info_stats": [{"max": "2.48", "min": "0.56", "mean": "1.32", "std": "0.18"}, {"max": "1.80", "min": "0.51", "mean": "0.98", "std": "0.09"}, {"max": "1.61", "min": "0.58", "mean": "1.02", "std": "0.11"}, {"max": "1.34", "min": "0.30", "mean": "0.73", "std": "0.15"}, {"max": "1.43", "min": "0.37", "mean": "0.82", "std": "0.12"}, {"max": "1.33", "min": "0.39", "mean": "0.78", "std": "0.12"}, {"max": "1.52", "min": "0.52", "mean": "1.00", "std": "0.11"}, {"max": "1.38", "min": "0.47", "mean": "0.82", "std": "0.12"}, {"max": "1.39", "min": "0.44", "mean": "0.82", "std": "0.12"}, {"max": "1.51", "min": "0.48", "mean": "0.93", "std": "0.12"}, {"max": "1.45", "min": "0.55", "mean": "0.96", "std": "0.09"}, {"max": "1.53", "min": "0.41", "mean": "0.87", "std": "0.14"}, {"max": "1.46", "min": "0.32", "mean": "0.83", "std": "0.17"}, {"max": "1.48", "min": "0.31", "mean": "0.82", "std": "0.19"}, {"max": "1.51", "min": "0.30", "mean": "0.84", "std": "0.17"}, {"max": "1.53", "min": "0.28", "mean": "0.83",