{"e_losses": [-37.51216834986211, -35.42189287089309, -35.69888306532587, -34.52872258029132, -34.52067129671575, -34.77467294959427, -36.47598756631939, -36.55921332607665, -36.693340990084856, -36.88659083465167, -36.914201551453274, -37.079519936375306, -37.3199805424564, -37.33606901360883, -37.69399615891356, -37.89684296344819, -38.17580601848022, -38.401393107500944, -38.80316948175428, -39.051976008658606, -39.27026172834158, -39.40681756628936, -39.62818522899239, -39.80295897528955, -39.924787629378265, -40.03217927550077, -40.15874883147209, -40.33451790066808, -40.53639659779181, -40.61303543959997, -40.74359166007723, -40.953946891615786, -40.99311407679802, -41.17004326610816, -41.23392815200181, -41.34168055078388, -41.45056366710548, -41.67150498538926, -41.688976740052524, -41.76619953393124, -41.88869548159704, -41.986464933991456, -42.06102431960058, -42.13454225711524, -42.17571936954284, -42.23941371048928, -42.309422560345894, -42.31925685960282, -42.42057917864817], "r_losses": [5.646087910354253e-05, 5.659838363165667e-05, 0.00010169329738099411, 0.10558228587917984, 0.4427316126533682, 0.5219086576074361, 0.5644139670147137, 1.0159576431388657, 1.5766739408213355, 2.2610706638374496, 2.3976907435536385, 3.3197436537146565, 4.361627563937622, 5.872975935485629, 6.573871911919431, 7.5161011102333655, 8.402762679934503, 9.815458401936022, 11.60238147110265, 12.431009210631244, 13.743029253261092, 14.935865347420943, 15.240617554969258, 17.9027247661863, 18.850542412415663, 20.11585215410789, 22.91918452936411, 23.745487670864907, 24.766346402316387, 27.489057632290255, 28.17652697890997, 31.17813734688941, 31.938726689841296, 31.923504277192457, 33.75527388385168, 36.8910344292134, 38.16393042428464, 39.79055230934704, 42.693301587411824, 43.27381321155348, 46.53840952945352, 47.356488051826545, 48.33039340887616, 50.032566202335666, 52.613114854723825, 54.63090498869418, 58.9783918970204, 61.04279607767385, 58.95066834301881], "rewards": [0.0, 0.0, 175.0, 713.0, 0.0, 0.0, 847.0, 396.0, 921.0, 3.0, 852.0, 900.0, 508.0, 766.0, 948.0, 912.0, 949.0, 867.0, 933.0, 753.0, 598.0, 987.0, 891.0, 934.0, 947.0, 511.0, 864.0, 947.0, 943.0, 945.0, 911.0, 870.0, 879.0, 923.0, 903.0, 985.0, 934.0, 985.0, 905.0, 986.0, 920.0, 940.0, 943.0, 985.0, 985.0, 955.0, 987.0, 986.0, 987.0], "steps": [250, 250, 250, 250, 250, 250, 250, 250, 250, 250, 250, 250, 250, 250, 250, 250, 250, 250, 250, 250, 250, 250, 250, 250, 250, 250, 250, 250, 250, 250, 250, 250, 250, 250, 250, 250, 250, 250, 250, 250, 250, 250, 250, 250, 250, 250, 250, 250, 250], "times": [23.799160718917847, 25.275678873062134, 26.665361404418945, 27.95894193649292, 29.460683345794678, 30.923426628112793, 32.26041030883789, 33.74212288856506, 35.16727137565613, 36.39858794212341, 38.036232709884644, 39.332064390182495, 40.661800384521484, 42.34191584587097, 43.656476974487305, 45.298258781433105, 46.42709946632385, 47.96924448013306, 49.568644523620605, 50.75248622894287, 52.195581674575806, 53.80862092971802, 54.813920736312866, 56.53100514411926, 57.77812480926514, 59.16969633102417, 60.82052683830261, 62.189980268478394, 63.61665892601013, 65.11743712425232, 66.636057138443, 67.90091300010681, 69.40103268623352, 70.78945517539978, 72.00334906578064, 73.57138514518738, 75.17831015586853, 76.3146915435791, 77.85983324050903, 79.38262271881104, 80.34800028800964, 81.75956749916077, 83.22443389892578, 85.1149549484253, 86.42870831489563, 87.46216130256653, 89.42455077171326, 90.20660853385925, 91.97949075698853], "reward_stats": [{"max": "-0.81", "min": "-2.32", "mean": "-1.19", "std": "0.09"}, {"max": "0.96", "min": "0.39", "mean": "0.72", "std": "0.06"}, {"max": "0.86", "min": "0.29", "mean": "0.67", "std": "0.06"}, {"max": "250.63", "min": "-13.15", "mean": "52.26", "std": "30.94"}, {"max": "219.63", "min": "-9.64", "mean": "37.80", "std": "29.74"}, {"max": "200.30", "min": "-4.77", "mean": "54.81", "std": "40.17"}, {"max": "173.19", "min": "-14.93", "mean": "55.02", "std": "34.61"}, {"max": "235.60", "min": "-15.53", "mean": "41.89", "std": "42.48"}, {"max": "73.57", "min": "-17.66", "mean": "14.58", "std": "8.05"}, {"max": "230.64", "min": "-7.74", "mean": "38.06", "std": "27.77"}, {"max": "229.50", "min": "-10.37", "mean": "70.79", "std": "43.93"}, {"max": "199.11", "min": "-18.94", "mean": "52.38", "std": "33.14"}, {"max": "243.74", "min": "-21.37", "mean": "59.25", "std": "37.29"}, {"max": "201.77", "min": "-20.65", "mean": "55.37", "std": "29.90"}, {"max": "230.52", "min": "-0.82", "mean": "68.24", "std": "32.13"}, {"max": "269.97", "min": "-11.95", "mean": "76.85", "std": "39.52"}, {"max": "341.25", "min": "-37.17", "mean": "86.84", "std": "48.54"}, {"max": "359.33", "min": "-21.18", "mean": "100.49", "std": "52.80"}, {"max": "336.21", "min": "-14.50", "mean": "109.97", "std": "52.86"}, {"max": "392.04", "min": "4.17", "mean": "131.31", "std": "66.49"}, {"max": "467.36", "min": "-16.28", "mean": "126.07", "std": "81.84"}, {"max": "418.38", "min": "-15.13", "mean": "140.82", "std": "75.17"}, {"max": "447.00", "min": "-75.90", "mean": "150.54", "std": "70.31"}, {"max": "500.67", "min": "8.01", "mean": "159.98", "std": "79.40"}, {"max": "583.43", "min": "14.20", "mean": "216.85", "std": "102.60"}, {"max": "559.07", "min": "-42.34", "mean": "181.07", "std": "80.11"}, {"max": "533.91", "min": "2.95", "mean": "193.42", "std": "92.52"}, {"max": "553.44", "min": "13.77", "mean": "224.68", "std": "99.46"}, {"max": "583.61", "min": "-3.98", "mean": "233.49", "std": "105.42"}, {"max": "582.95", "min": "-32.53", "mean": "229.77", "std": "99.65"}, {"max": "633.19", "min": "39.77", "mean": "252.01", "std": "106.87"}, {"max": "687.00", "min": "-27.16", "mean": "259.34", "std": "118.75"}, {"max": "737.69", "min": "13.63", "mean": "287.39", "std": "122.72"}, {"max": "717.55", "min": "20.18", "mean": "286.66", "std": "117.93"}, {"max": "797.54", "min": "38.05", "mean": "313.78", "std": "127.58"}, {"max": "783.66", "min": "39.54", "mean": "293.07", "std": "124.30"}, {"max": "800.60", "min": "18.30", "mean": "326.59", "std": "133.21"}, {"max": "884.29", "min": "67.76", "mean": "357.15", "std": "129.71"}, {"max": "905.72", "min": "49.89", "mean": "337.00", "std": "123.30"}, {"max": "967.54", "min": "67.32", "mean": "355.75", "std": "127.30"}, {"max": "1017.72", "min": "59.31", "mean": "414.41", "std": "156.71"}, {"max": "1083.50", "min": "81.19", "mean": "414.43", "std": "166.99"}, {"max": "1313.68", "min": "70.77", "mean": "472.78", "std": "200.73"}, {"max": "1218.64", "min": "60.60", "mean": "477.64", "std": "191.86"}, {"max": "1230.45", "min": "101.85", "mean": "493.09", "std": "188.15"}, {"max": "1341.14", "min": "121.17", "mean": "554.40", "std": "211.57"}, {"max": "1317.92", "min": "104.30", "mean": "536.15", "std": "196.15"}, {"max": "1430.22", "min": "120.20", "mean": "555.81", "std": "211.09"}, {"max": "1181.94", "min": "134.96", "mean": "482.15", "std": "154.51"}], "info_stats": [{"max": "2.94", "min": "0.40", "mean": "1.10", "std": "0.32"}, {"max": "1.91", "min": "0.51", "mean": "1.27", "std": "0.16"}, {"max": "1.64", "min": "0.43", "mean": "0.93", "std": "0.14"}, {"max": "1.39", "min": "0.54", "mean": "0.87", "std": "0.10"}, {"max": "1.35", "min": "0.45", "mean": "0.74", "std": "0.09"}, {"max": "1.53", "min": "0.53", "mean": "1.07", "std": "0.10"}, {"max": "1.39", "min": "0.47", "mean": "0.83", "std": "0.11"}, {"max": "1.43", "min": "0.43", "mean": "0.87", "std": "0.11"}, {"max": "1.38", "min": "0.52", "mean": "0.91", "std": "0.08"}, {"max": "1.40", "min": "0.46", "mean": "0.85", "std": "0.12"}, {"max": "1.46", "min": "0.51", "mean": "0.90", "std": "0.11"}, {"max": "1.49", "min": "0.52", "mean": "0.92", "std": "0.10"}, {"max": "1.48", "min": "0.50", "mean": "0.93", "std": "0.10"}, {"max": "1.41", "min": "0.47", "mean": "0.91", "std": "0.10"}, {"max": "1.46", "min": "0.54", "mean": "0.92", "std": "0.10"}, {"max": "1.48", "min": "0.54", "mean": "0.93", "std": "0.11"}, {"max": "1.44",