{"e_losses": [-33.317502360272414, -32.95565667903422, -32.878065237113425, -34.09056913745405, -35.0623378605048, -34.939174694716925, -35.72103312996301, -36.20911448548236, -36.865818303805135, -37.366796722897455, -37.76850108350119, -38.22445715408026, -38.4054024874533, -38.73690560001798, -38.802104206718894, -38.945414052808275, -39.1777619732221, -39.436400487330836, -39.64409648971972, -39.747790917679666, -39.88776855447769, -39.9806630983582, -40.202042479153036, -40.308532255649574, -40.43332969130317, -40.57333518449862, -40.77488191389652, -40.90005776462704, -41.011971649574505, -41.15153311913855, -41.342607722171714, -41.4166817478339, -41.57644704896857, -41.669969968588724, -41.79392318961559, -41.88351953453718, -42.00054465372389, -42.138455863305495, -42.24618897892153, -42.31090744973855, -42.42525067271127, -42.491267463590795, -42.564370925193145, -42.62925715434055, -42.72864104154161, -42.832290310082435, -42.87605844885696, -42.95895668067498, -43.050695430683625], "r_losses": [0.09686546335921158, 0.07895144061649144, 0.08766484833467154, 0.09236564805464871, 0.09530555778858243, 0.08864771992687605, 0.08925579159320543, 0.08760631185496459, 0.08739420055830854, 0.07656092184502626, 0.07298213418987577, 0.07713987512510356, 0.07505660456576496, 0.06423100563780952, 0.06582230375554586, 0.056546809705457404, 0.0626212928276398, 0.055287340561380384, 0.05487526418597175, 0.05823658537152125, 0.04840277167942724, 0.05175908756639376, 0.04691126903794335, 0.04632310927939089, 0.04654524708324277, 0.042777427531414086, 0.0415250931314527, 0.04459681218310289, 0.040948113917648306, 0.040270357279187464, 0.03998167281196553, 0.03613650518869529, 0.03861323151181017, 0.03910583452434325, 0.038774113926490245, 0.03404802641666611, 0.03180057535248116, 0.03184791691513133, 0.030570953803284492, 0.029666077789970914, 0.030817281661269954, 0.029071663605190347, 0.02807819945998355, 0.026042873143873907, 0.024781061078730328, 0.02528362064102809, 0.025256170998850726, 0.02627703738110444, 0.024871446629605064], "rewards": [1.0, 561.0, 778.0, 870.0, 0.0, 989.0, 865.0, 990.0, 976.0, 903.0, 957.0, 509.0, 991.0, 0.0, 563.0, 914.0, 946.0, 0.0, 674.0, 743.0, 384.0, 988.0, 621.0, 939.0, 923.0, 988.0, 877.0, 961.0, 990.0, 989.0, 934.0, 924.0, 905.0, 921.0, 944.0, 990.0, 989.0, 961.0, 991.0, 954.0, 989.0, 934.0, 963.0, 948.0, 988.0, 954.0, 948.0, 950.0, 955.0], "steps": [250, 250, 250, 250, 250, 250, 250, 250, 250, 250, 250, 250, 250, 250, 250, 250, 250, 250, 250, 250, 250, 250, 250, 250, 250, 250, 250, 250, 250, 250, 250, 250, 250, 250, 250, 250, 250, 250, 250, 250, 250, 250, 250, 250, 250, 250, 250, 250, 250], "times": [22.647904634475708, 23.63008689880371, 24.76919674873352, 25.781741857528687, 26.8523530960083, 27.895375728607178, 29.075908660888672, 30.084888458251953, 31.240988969802856, 32.2625195980072, 33.38493776321411, 34.37843871116638, 35.44057607650757, 36.55075263977051, 37.64061141014099, 38.62119483947754, 39.83901643753052, 40.78407001495361, 41.961711406707764, 43.018699169158936, 44.10060787200928, 45.16830778121948, 46.17403793334961, 47.31094026565552, 48.380330324172974, 49.4371132850647, 50.44324493408203, 51.54039239883423, 52.84276604652405, 55.18533945083618, 56.92636966705322, 57.269254207611084, 58.418089628219604, 59.51546311378479, 61.27128481864929, 61.851545095443726, 63.10252904891968, 63.89835786819458, 65.03335642814636, 66.03077983856201, 67.23202347755432, 68.35520100593567, 69.66149926185608, 70.52468800544739, 70.68551111221313, 70.9995288848877, 72.06910586357117, 72.87366652488708, 73.9631679058075], "reward_stats": [{"max": "52.16", "min": "-0.79", "mean": "15.23", "std": "8.80"}, {"max": "39.04", "min": "-0.73", "mean": "12.94", "std": "8.40"}, {"max": "45.95", "min": "-1.56", "mean": "17.46", "std": "12.22"}, {"max": "47.44", "min": "-1.08", "mean": "20.83", "std": "12.83"}, {"max": "46.78", "min": "-2.38", "mean": "5.37", "std": "8.36"}, {"max": "40.77", "min": "-0.42", "mean": "14.65", "std": "8.09"}, {"max": "43.24", "min": "-1.71", "mean": "14.68", "std": "9.69"}, {"max": "44.07", "min": "-0.64", "mean": "16.30", "std": "8.92"}, {"max": "43.67", "min": "-0.23", "mean": "16.09", "std": "9.11"}, {"max": "47.16", "min": "-0.90", "mean": "15.63", "std": "9.86"}, {"max": "44.64", "min": "-0.64", "mean": "15.82", "std": "9.52"}, {"max": "43.43", "min": "-7.07", "mean": "10.13", "std": "10.17"}, {"max": "43.98", "min": "-1.29", "mean": "16.07", "std": "8.60"}, {"max": "39.68", "min": "-3.19", "mean": "2.61", "std": "4.31"}, {"max": "45.17", "min": "-2.01", "mean": "9.97", "std": "9.77"}, {"max": "43.47", "min": "-2.40", "mean": "14.34", "std": "9.15"}, {"max": "43.00", "min": "-1.60", "mean": "14.18", "std": "8.92"}, {"max": "34.23", "min": "-1.95", "mean": "2.13", "std": "3.54"}, {"max": "41.08", "min": "-5.61", "mean": "10.51", "std": "9.29"}, {"max": "43.98", "min": "-2.13", "mean": "11.21", "std": "8.56"}, {"max": "41.74", "min": "-1.96", "mean": "6.41", "std": "8.12"}, {"max": "43.30", "min": "-0.94", "mean": "13.79", "std": "8.20"}, {"max": "41.44", "min": "-3.75", "mean": "9.28", "std": "8.99"}, {"max": "41.08", "min": "-0.47", "mean": "13.43", "std": "8.19"}, {"max": "43.52", "min": "-1.56", "mean": "12.71", "std": "8.17"}, {"max": "40.42", "min": "-0.60", "mean": "13.65", "std": "7.60"}, {"max": "41.66", "min": "-1.15", "mean": "11.89", "std": "8.37"}, {"max": "42.20", "min": "-2.16", "mean": "13.75", "std": "8.45"}, {"max": "42.88", "min": "-1.96", "mean": "14.32", "std": "8.05"}, {"max": "43.42", "min": "-1.24", "mean": "13.92", "std": "7.93"}, {"max": "42.69", "min": "-1.49", "mean": "12.85", "std": "7.99"}, {"max": "42.75", "min": "-2.99", "mean": "13.33", "std": "8.47"}, {"max": "41.31", "min": "-2.24", "mean": "13.11", "std": "8.47"}, {"max": "43.17", "min": "-3.02", "mean": "12.78", "std": "8.58"}, {"max": "44.54", "min": "-1.48", "mean": "13.32", "std": "8.40"}, {"max": "45.50", "min": "-0.59", "mean": "14.60", "std": "8.62"}, {"max": "44.32", "min": "-0.73", "mean": "13.55", "std": "8.06"}, {"max": "45.25", "min": "-1.42", "mean": "14.35", "std": "8.88"}, {"max": "48.24", "min": "-0.72", "mean": "15.10", "std": "8.97"}, {"max": "45.20", "min": "-0.88", "mean": "14.03", "std": "9.19"}, {"max": "45.00", "min": "-0.76", "mean": "14.61", "std": "8.83"}, {"max": "44.80", "min": "-0.85", "mean": "14.36", "std": "9.02"}, {"max": "45.93", "min": "-0.66", "mean": "13.94", "std": "8.90"}, {"max": "44.13", "min": "-0.66", "mean": "13.98", "std": "8.40"}, {"max": "45.13", "min": "-0.34", "mean": "14.78", "std": "8.43"}, {"max": "46.17", "min": "-0.73", "mean": "15.21", "std": "9.36"}, {"max": "44.74", "min": "-0.91", "mean": "14.67", "std": "9.13"}, {"max": "46.26", "min": "-0.87", "mean": "14.63", "std": "9.06"}, {"max": "46.57", "min": "-1.10", "mean": "15.13", "std": "9.57"}], "info_stats": [{"max": "2.09", "min": "0.45", "mean": "1.11", "std": "0.18"}, {"max": "1.85", "min": "0.39", "mean": "0.88", "std": "0.18"}, {"max": "1.60", "min": "0.27", "mean": "0.74", "std": "0.23"}, {"max": "1.58", "min": "0.26", "mean": "0.75", "std": "0.25"}, {"max": "1.73", "min": "0.31", "mean": "0.95", "std": "0.17"}, {"max": "1.61", "min": "0.33", "mean": "0.86", "std": "0.18"}, {"max": "1.81", "min": "0.29", "mean": "0.85", "std": "0.20"}, {"max": "1.54", "min": "0.32", "mean": "0.85", "std": "0.19"}, {"max": "1.54", "min": "0.30", "mean": "0.85", "std": "0.20"}, {"max": "1.62", "min": "0.29", "mean": "0.86", "std": "0.21"}, {"max": "1.56", "min": "0.33", "mean": "0.86", "std": "0.20"}, {"max": "1.62", "min": "0.33", "mean": "0.95", "std": "0.21"}, {"max": "1.60", "min": "0.34", "mean": "0.88", "std": "0.20"}, {"max": "1.73", "min": "0.46", "mean": "1.07", "std": "0.13"}, {"max": "1.68", "min": "0.32", "mean": "0.96", "std": "0.20"}, {"max": "1.59", "min": "0.34", "mean": "0.91", "std": "0.20"}, {"max": "1.62", "min": "0.34", "mean": "0.92", "std": "0.19"}, {"max": "1.66", "min": "0.52", "mean": "1.08",