{"e_losses": [-34.58334402017595, -35.156103663881616, -34.90158974301815, -35.03153927740453, -34.59490583597291, -34.95816042616367, -34.94760765926404, -35.344585006395974, -35.87915981164803, -36.341779147546205, -36.53583492279848, -36.93371909187735, -37.38719034021042, -37.58432186900246, -37.8007561942088, -38.18451281191707, -38.481830131394524, -38.69707205119186, -38.98052537607111, -39.220268760825206, -39.434858389844884, -39.693158707329864, -39.77339386936469, -39.9687714461961, -40.19062109193926, -40.38357375357151, -40.56830087690008, -40.72140347796306, -40.91350250505678, -41.02158492529042, -41.15343352304185, -41.28805164347093, -41.41742269887151, -41.46824186350796, -41.60658484048111, -41.77979373724461, -41.88742495886, -42.001021436441505, -42.06476878315626, -42.16221302322907, -42.290995541032174, -42.43356618944459, -42.50508353370301, -42.58606972754868, -42.621974897946636, -42.669718179364196, -42.808567190460145, -42.833994763534804, -42.901846008939565], "r_losses": [0.09053092825505886, 0.07745508210143698, 0.23185287635666982, 0.6789734051451087, 0.8300616930921872, 1.5558552603363993, 2.3815295901298525, 3.2322502448459454, 3.7252739007931486, 4.833045253787723, 4.61444963409106, 5.648747368611393, 6.461216371585341, 6.824306075765026, 7.835391434016982, 8.470332406258585, 9.869322286642735, 10.905916050496428, 12.092021861470267, 12.98097457942863, 14.454696290073393, 15.330572864002907, 16.598777484586943, 17.900046769212395, 19.015579137368444, 20.599675321785604, 21.878223013045336, 23.513646103676415, 24.674107710383154, 26.148984845817086, 27.942320685114183, 29.12080439454483, 31.31066319057264, 32.085555150676726, 32.98483189419295, 34.99929013494402, 36.52003960293532, 38.76368598570711, 39.710657933165855, 41.63901545236464, 42.6681925236755, 44.49990864292694, 46.097010102386164, 47.91800341325253, 49.78264495491373, 50.849886368833765, 52.8519006046489, 54.031229317090826, 55.80007739539192], "rewards": [0.0, 178.0, 762.0, 0.0, 755.0, 432.0, 898.0, 925.0, 954.0, 0.0, 949.0, 995.0, 600.0, 929.0, 951.0, 952.0, 952.0, 951.0, 951.0, 953.0, 940.0, 780.0, 976.0, 991.0, 946.0, 954.0, 997.0, 952.0, 954.0, 942.0, 996.0, 947.0, 937.0, 950.0, 994.0, 949.0, 944.0, 995.0, 1000.0, 951.0, 941.0, 950.0, 990.0, 995.0, 884.0, 998.0, 990.0, 992.0, 992.0], "steps": [250, 250, 250, 250, 250, 250, 250, 250, 250, 250, 250, 250, 250, 250, 250, 250, 250, 250, 250, 250, 250, 250, 250, 250, 250, 250, 250, 250, 250, 250, 250, 250, 250, 250, 250, 250, 250, 250, 250, 250, 250, 250, 250, 250, 250, 250, 250, 250, 250], "times": [23.849887132644653, 25.306278944015503, 26.58151602745056, 27.99725365638733, 29.449399948120117, 30.80548405647278, 32.211488485336304, 33.683459758758545, 35.17198610305786, 36.40080547332764, 38.01127314567566, 39.21728539466858, 40.57067561149597, 42.215656757354736, 43.77739882469177, 45.23151874542236, 46.70400381088257, 47.968448638916016, 49.438805103302, 50.61996626853943, 52.35790753364563, 53.59833264350891, 55.122092723846436, 56.459808588027954, 57.738306522369385, 60.20270895957947, 61.1843478679657, 62.434950828552246, 63.77018117904663, 65.43112921714783, 66.84353160858154, 68.2191915512085, 69.61874794960022, 70.95845794677734, 72.39094614982605, 73.89056062698364, 75.31150770187378, 76.74618029594421, 78.05595469474792, 79.36558938026428, 80.22472310066223, 81.51646423339844, 83.59414649009705, 85.16307139396667, 86.60198020935059, 87.5829062461853, 89.2908763885498, 90.51365423202515, 91.67787408828735], "reward_stats": [{"max": "138.80", "min": "-12.21", "mean": "43.08", "std": "25.59"}, {"max": "90.49", "min": "-5.68", "mean": "22.37", "std": "14.31"}, {"max": "123.10", "min": "-5.46", "mean": "35.03", "std": "18.20"}, {"max": "232.36", "min": "-16.97", "mean": "49.85", "std": "35.10"}, {"max": "198.86", "min": "-1.27", "mean": "49.24", "std": "28.67"}, {"max": "250.94", "min": "-27.17", "mean": "80.63", "std": "40.79"}, {"max": "257.77", "min": "-4.80", "mean": "98.47", "std": "38.74"}, {"max": "438.35", "min": "-20.90", "mean": "155.67", "std": "73.85"}, {"max": "483.09", "min": "-13.73", "mean": "179.36", "std": "88.86"}, {"max": "496.47", "min": "-56.00", "mean": "95.98", "std": "74.57"}, {"max": "516.86", "min": "-29.24", "mean": "211.19", "std": "91.50"}, {"max": "600.87", "min": "7.34", "mean": "229.39", "std": "105.23"}, {"max": "670.46", "min": "10.79", "mean": "213.30", "std": "115.81"}, {"max": "668.38", "min": "-36.76", "mean": "256.98", "std": "123.15"}, {"max": "733.51", "min": "-19.07", "mean": "267.88", "std": "130.30"}, {"max": "711.11", "min": "-6.94", "mean": "278.79", "std": "122.66"}, {"max": "778.49", "min": "-2.77", "mean": "318.20", "std": "143.34"}, {"max": "808.91", "min": "-24.53", "mean": "315.30", "std": "140.51"}, {"max": "836.87", "min": "-54.42", "mean": "333.64", "std": "151.28"}, {"max": "847.34", "min": "-16.68", "mean": "354.37", "std": "145.93"}, {"max": "899.30", "min": "16.71", "mean": "378.08", "std": "159.18"}, {"max": "912.16", "min": "-63.77", "mean": "374.08", "std": "174.77"}, {"max": "958.76", "min": "30.73", "mean": "401.05", "std": "162.65"}, {"max": "984.61", "min": "36.55", "mean": "398.24", "std": "159.46"}, {"max": "1005.78", "min": "39.81", "mean": "402.39", "std": "150.44"}, {"max": "1009.20", "min": "28.84", "mean": "423.71", "std": "167.63"}, {"max": "1083.39", "min": "54.29", "mean": "470.34", "std": "177.18"}, {"max": "1123.07", "min": "-17.57", "mean": "456.17", "std": "185.46"}, {"max": "1151.31", "min": "56.31", "mean": "525.21", "std": "200.35"}, {"max": "1200.78", "min": "65.32", "mean": "545.27", "std": "204.40"}, {"max": "1224.92", "min": "76.65", "mean": "562.50", "std": "200.90"}, {"max": "1181.72", "min": "59.56", "mean": "544.10", "std": "194.21"}, {"max": "1291.71", "min": "99.34", "mean": "640.34", "std": "214.15"}, {"max": "1251.08", "min": "-11.88", "mean": "608.25", "std": "194.11"}, {"max": "1274.13", "min": "112.42", "mean": "615.21", "std": "199.03"}, {"max": "1311.25", "min": "26.06", "mean": "623.02", "std": "194.98"}, {"max": "1387.37", "min": "78.62", "mean": "683.16", "std": "225.73"}, {"max": "1462.70", "min": "163.81", "mean": "708.06", "std": "223.07"}, {"max": "1425.13", "min": "189.90", "mean": "763.37", "std": "227.16"}, {"max": "1433.62", "min": "131.28", "mean": "712.99", "std": "221.30"}, {"max": "1495.32", "min": "157.66", "mean": "792.90", "std": "237.88"}, {"max": "1496.06", "min": "35.31", "mean": "787.79", "std": "230.33"}, {"max": "1533.36", "min": "166.93", "mean": "785.40", "std": "217.02"}, {"max": "1609.59", "min": "242.40", "mean": "860.61", "std": "247.80"}, {"max": "1663.59", "min": "6.72", "mean": "829.87", "std": "253.71"}, {"max": "1656.50", "min": "210.24", "mean": "917.05", "std": "253.12"}, {"max": "1737.60", "min": "222.43", "mean": "912.69", "std": "268.78"}, {"max": "1668.75", "min": "267.14", "mean": "969.92", "std": "264.03"}, {"max": "1750.18", "min": "279.50", "mean": "981.20", "std": "256.91"}], "info_stats": [{"max": "2.05", "min": "0.57", "mean": "1.24", "std": "0.16"}, {"max": "1.62", "min": "0.45", "mean": "1.01", "std": "0.11"}, {"max": "1.58", "min": "0.46", "mean": "1.00", "std": "0.11"}, {"max": "1.52", "min": "0.46", "mean": "0.88", "std": "0.12"}, {"max": "1.49", "min": "0.54", "mean": "0.98", "std": "0.11"}, {"max": "1.47", "min": "0.49", "mean": "0.92", "std": "0.11"}, {"max": "1.44", "min": "0.46", "mean": "0.92", "std": "0.10"}, {"max": "1.53", "min": "0.32", "mean": "0.77", "std": "0.16"}, {"max": "1.50", "min": "0.28", "mean": "0.76", "std": "0.17"}, {"max": "1.51", "min": "0.34", "mean": "0.88", "std": "0.14"}, {"max": "1.55", "min": "0.36", "mean": "0.82", "std": "0.16"}, {"max": "1.51", "min": "0.30", "mean": "0.79", "std": "0.18"}, {"max": "1.59", "min": "0.34", "mean": "0.89", "std": "0.20"}, {"max": "1.60", "min": "0.32", "mean": "0.81", "std": "0.18"}, {"max": "1.53", "min": "0.32", "mean": "0.81", "std": "0.18"}, {"max": "1.50", "min": "0.30",